Id,Search Keyword,URL,Datetime,Tweet,User,Reply Count,Retweet Count,Like Count,Quote Count,Language,Source,Coordinates,Place,Hashtags,Reply to (User),Mentioned Users Count
1630489345898708992,PPN Naik,https://twitter.com/buutiful_co/status/1630489345898708992,2023-02-28 08:45:27+00:00,Betul! My honeymoon masa tu negara still dlm fasa 2 PPN so kedai pun bru nak bangun balik so makan pun tak byk pilihan lagi. Husband bwk i pi hiking and naik boat kat taman negara PenangüòÇ tiber gile rasa time tu,buutiful_co,0,0,1,0,in,Twitter for iPhone,,,,,0
1630486040556503041,PPN Naik,https://twitter.com/rmbantencom/status/1630486040556503041,2023-02-28 08:32:19+00:00,"Pegawai Hidup Mewah, PPN, BBM Hingga Angka Kemiskinan Naik Cermin Kegagal Menteri Keuangan @AnthonyBudiawan https://t.co/AoQ7ujYe0o",rmbantencom,0,0,0,0,in,Twitter for Android,,,,,<built-in method count of list object at 0x0000022289BC1380>
1630480809508634625,PPN Naik,https://twitter.com/wong_kamfungs/status/1630480809508634625,2023-02-28 08:11:32+00:00,"@alisyarief Bapak ini yang buat script pernyataannya siapa sih... 
Dari dulu nggak usah didorong juga sudah tiap hari belanja.. cuma makin hari makin sedikit yang dibeli karena harga semakin mahal.
Harga minyak dunia turun, harga bbm non subsidi tidak turun, ppn naik, sembako mahal.",wong_kamfungs,0,0,0,0,in,Twitter for Android,,,,https://twitter.com/alisyarief,<built-in method count of list object at 0x0000022289BC11C0>
1630461860339408896,PPN Naik,https://twitter.com/AlfatihFarrel/status/1630461860339408896,2023-02-28 06:56:14+00:00,Infografis Deretan Barang Kemungkinan Naik Setelah Berlaku PPN 11 Persen. (https://t.co/DR5PPHsAxx) https://t.co/3oa9tnq8QE,AlfatihFarrel,0,0,0,0,in,Twitter Web App,,,,,0
1630364940887556096,PPN Naik,https://twitter.com/faradhian_yoga/status/1630364940887556096,2023-02-28 00:31:07+00:00,"@kurawa Pengalaman pribadi bang, sudah lapor SPT tapi masih dikirim surat, dan berisi rincian denda.Sedih bang, setelah kita komplen ga jadi dikenai denda, lantas SOP kerjanya bagaimana? Colek @jokowi 
Dan yang tdk punya hati, kenapa pandemi blm selesai PPN naik?",faradhian_yoga,0,0,0,0,in,Twitter for Android,,,,https://twitter.com/kurawa,<built-in method count of list object at 0x0000022289BC1180>
1630225172858040321,PPN Naik,https://twitter.com/SateDimas/status/1630225172858040321,2023-02-27 15:15:43+00:00,"@oreohoneyy @collegemenfess iya sih di 2018 tunjangan guru 70 triliun, di 2023 50 T, pdhal apbn '18-'23 naik 600 T, terus ibu sri mulyani itu bapaknya guru besar klo gak salah, pdhal cuma butuh uang 30 triliun buat nmbahin, subsidi dah pd dicabut2in, ppn naik 1%, emang gak ngotak pemangku kebijakan, demo ae",SateDimas,1,1,0,0,in,Twitter for Android,,,,https://twitter.com/oreohoneyy,<built-in method count of list object at 0x0000022289BC0A40>
1630221936210104320,PPN Naik,https://twitter.com/yusufbusinessu/status/1630221936210104320,2023-02-27 15:02:52+00:00,"@bank_indonesia Sebenarnya Kami Rakyat Merasa dimiskinkan negaraüòî
 Inflasi setiap tahun, Harga harga naik, Property yang tidak dapat kami miliki, setiap gajian di Potong pajak dan BPJS, Bea Cukai, PPN, dkk..
  Sementara gaji tidak pernah naik, bahkan UMR saja naiknya dikit harus demo dulu",yusufbusinessu,0,1,2,0,in,Twitter for Android,,,,https://twitter.com/bank_indonesia,<built-in method count of list object at 0x0000022289BC06C0>
1630116522898362368,PPN Naik,https://twitter.com/miselsashari/status/1630116522898362368,2023-02-27 08:03:59+00:00,"@ularnaga08 Akhirnya jadi tau kenapa ppn naik jadi 11%

Oke baik",miselsashari,0,0,0,0,in,Twitter for Android,,,,https://twitter.com/ularnaga08,<built-in method count of list object at 0x0000022289BC0AC0>
1629977276317310976,PPN Naik,https://twitter.com/irulzizi16/status/1629977276317310976,2023-02-26 22:50:40+00:00,@CNNIndonesia Kayaknya bisa jadi salah satu penyebab ppn naik 11% ü§£ü§£ü§£,irulzizi16,0,0,0,0,in,Twitter for Android,,,,https://twitter.com/CNNIndonesia,<built-in method count of list object at 0x0000022289066D00>
1629871911965716480,PPN Naik,https://twitter.com/dahsikambing/status/1629871911965716480,2023-02-26 15:52:00+00:00,"@adiyustiawan @NOTASLIMBOY Kalo beli kan ppn nya aja bwang cuma 0,03% dan saham kan bukan yang dikecualikan dari ppn. Dan juga berpotensi memiliki nilai tambah (jika sahamnya naik)",dahsikambing,0,0,0,0,in,Twitter for Android,,,,https://twitter.com/adiyustiawan,<built-in method count of list object at 0x0000022289BC17C0>
1629867477063847940,PPN Naik,https://twitter.com/nuabojung/status/1629867477063847940,2023-02-26 15:34:22+00:00,Ketike PPN naik jadi 11% secara diam diam,nuabojung,0,0,0,0,in,Twitter for Android,,,,,0
1629850904852848641,PPN Naik,https://twitter.com/Lebinth/status/1629850904852848641,2023-02-26 14:28:31+00:00,"@logikapolitikid @DitjenPajakRI Ketika PPN naik jadi 11% harga2 pada naik, rakyat tercekik lehernya....eeeeehhhhh..... pegawainya koleksi rumah mewah, tanah dimana2 , mobil mewah, moge..... https://t.co/iWDjDNYtct",Lebinth,0,0,0,0,in,Twitter for Android,,,,https://twitter.com/logikapolitikid,<built-in method count of list object at 0x0000022289BC0E40>
1629843177283919872,PPN Naik,https://twitter.com/dacost78/status/1629843177283919872,2023-02-26 13:57:49+00:00,"@CNNIndonesia @gojekindonesia apa stiap saya naik go jek, tarif nya sudah dengan PPN?",dacost78,0,0,0,0,in,Twitter for Android,,,,https://twitter.com/CNNIndonesia,<built-in method count of list object at 0x0000022289BB3F40>
1629663170456608773,PPN Naik,https://twitter.com/AnandaJihad/status/1629663170456608773,2023-02-26 02:02:32+00:00,Ppn makin naik dan lain sebagainya tapi kok pejabatnya jadi makin kaya?,AnandaJihad,0,0,0,0,in,Twitter for iPhone,,,,https://twitter.com/AnandaJihad,0
1629660447338291201,PPN Naik,https://twitter.com/akucintaistriku/status/1629660447338291201,2023-02-26 01:51:42+00:00,"@tvOneNews Pantesan PPN naik 11%, Cukai rokok naik, semua serba dipajekin ternyataa, yasudahlahhh",akucintaistriku,1,0,13,0,in,Twitter for Android,,,,https://twitter.com/tvOneNews,<built-in method count of list object at 0x0000022289BB3F00>
1629633340142931968,PPN Naik,https://twitter.com/7lonelyzak/status/1629633340142931968,2023-02-26 00:04:00+00:00,"Hujan kritik selama beritanya benar terkait kebijakan tertentu tidaklah masalah, 
Kritik karena 
- PPN naik 11%
- Kebijakan IKN
Bukan atas :
- Gaji 60jt kena pajak, padahal tarif malah turun
- Pedagang bakso kena pajak, padahal di bawah 500jt skrg sudah tidak kena
-",7lonelyzak,1,0,3,0,in,Twitter for Android,,,,,0
1629535140589490176,PPN Naik,https://twitter.com/Muizzridwan_/status/1629535140589490176,2023-02-25 17:33:47+00:00,@Hamka_Kdz @indomeoww @Bisniscom Ppn udah naik jadi 11%,Muizzridwan_,0,0,0,0,in,Twitter for Android,,,,https://twitter.com/Hamka_Kdz,<built-in method count of list object at 0x0000022289BB3B40>
1629489071415504896,PPN Naik,https://twitter.com/dantsus/status/1629489071415504896,2023-02-25 14:30:43+00:00,@GpmnMedia @prastow @DitjenPajakRI Benar kiranya bu menteri @srimlyni  fokuskan juga inspektorat periksa tidak hanya pejabat Tab tapi juga termasuk jajaran lainnya. Juga Dirjen nya malah hedon ber harley sedangkan rakyat diperas naik pajak ppn juga pajak lainnya. Kasihan rakyat semuanya.,dantsus,1,0,0,0,in,Twitter for iPhone,,,,https://twitter.com/GpmnMedia,<built-in method count of list object at 0x0000022289BB3D00>
1629439821302333442,PPN Naik,https://twitter.com/apasipasi/status/1629439821302333442,2023-02-25 11:15:01+00:00,@dapros08 Sekarang rocket harganya naik trus tambah ppn juga :(,apasipasi,1,0,0,0,in,Twitter for Android,,,,https://twitter.com/dapros08,<built-in method count of list object at 0x0000022289BC1500>
1629407789474021376,PPN Naik,https://twitter.com/dantsus/status/1629407789474021376,2023-02-25 09:07:44+00:00,"@Miduk17 Tambah terkuak hedon asn pajak rakyat sengsara ppn pajak naik. *Ternyata* üôà 
Potret Dirjen Pajak Suryo Utomo Kendarai Moge di Acara Klub Motor DJP https://t.co/fuImx6o2jH",dantsus,0,0,0,0,in,Twitter for iPhone,,,,https://twitter.com/Miduk17,<built-in method count of list object at 0x0000022289BB1EC0>
1629405304650858497,PPN Naik,https://twitter.com/dantsus/status/1629405304650858497,2023-02-25 08:57:52+00:00,"@kurawa @KemenkeuRI @DitjenPajakRI @srimlyni  @prastow  bagaimana nih akhirnya hedon asn pajak rakyat diperas naik ppn naik pajak. *Ternyata* üôà 
Potret Dirjen Pajak Suryo Utomo Kendarai Moge di Acara Klub Motor DJP https://t.co/fuImx6o2jH",dantsus,0,0,0,0,in,Twitter for iPhone,,,,https://twitter.com/kurawa,<built-in method count of list object at 0x0000022289BA2B00>
1629358360549277697,PPN Naik,https://twitter.com/Rizkihadi/status/1629358360549277697,2023-02-25 05:51:19+00:00,"@hambasantuy17 @PolJokesID PPN kalau beneran 100% jujur disetor ke Negara, gue yakin pendapatan naik drastis. Perputaran uang di Mall, Cafe, dan perbelanjaan lainnya di Jakarta aja bisa tembus 1000 Triliun. Negara bisa terima 100 T lebih buat di Jakarta aja dari PPN.",Rizkihadi,1,1,17,1,in,Twitter for iPhone,,,,https://twitter.com/hambasantuy17,<built-in method count of list object at 0x0000022289BC0280>
1629183269727248384,PPN Naik,https://twitter.com/arifbintoro67y2/status/1629183269727248384,2023-02-24 18:15:34+00:00,"@abdurarsyad Jelas bisa 40% lebih dari target, ppn naik dari 10 menjadi 11%, cukai naik, materai 6000 jd 10000, NJOP SPPT naik, Pajak kendaraan naik harga bahan naik otomatis dpp ikut naik. Gaji karyawan swasta kena pajak dll",arifbintoro67y2,0,0,0,0,in,Twitter for Android,,,,https://twitter.com/abdurarsyad,<built-in method count of list object at 0x0000022289BA2900>
1629148299495354370,PPN Naik,https://twitter.com/WeniLarasati/status/1629148299495354370,2023-02-24 15:56:37+00:00,"Engap2an ngumpulin duit buat bayar2
Gaji potong pph21
Naik motor mobil bayar pajak kendaraan bermotor
Beli barang, Jajan2 bayar ppn pb1
Tinggal di rumahpun bayar pbb
etc etc dll dkk dst 

tapii.... ah yaudah",WeniLarasati,1,0,0,0,in,Twitter for iPhone,,,,,0
1629133813795426304,PPN Naik,https://twitter.com/rahmahnz/status/1629133813795426304,2023-02-24 14:59:03+00:00,"@tanyarlfes Gw punya temen anak sosmed, harusnya dia update soal berita di sosmed.
Tapi yg gw heran dia ga tau kalo PPn itu udh naik 11% dari tahun lalu. Dan dia baru kaget sekarang.
Ini gw yg jahat apa emang gmana gitu",rahmahnz,0,0,0,0,in,Twitter for Android,,,,https://twitter.com/tanyarlfes,<built-in method count of list object at 0x0000022289BA3040>
1629131896499351553,PPN Naik,https://twitter.com/ZandyOrder/status/1629131896499351553,2023-02-24 14:51:26+00:00,@DitjenPajakRI Min serius nanya....PPN kemarin naik 1% tujuan nya buat apa min? Urunan beli rubicon kah min ? Atau harley min?,ZandyOrder,0,1,1,0,in,Twitter for iPhone,,,,https://twitter.com/DitjenPajakRI,<built-in method count of list object at 0x0000022289BA3440>
1629040221353553920,PPN Naik,https://twitter.com/OPriyantoro/status/1629040221353553920,2023-02-24 08:47:09+00:00,@abdurarsyad gimana ga tembus orang PPN dinaikin otomatis semua harga barang naik,OPriyantoro,0,0,0,0,in,Twitter Web App,,,,https://twitter.com/abdurarsyad,<built-in method count of list object at 0x0000022289BA3180>
1629032737284956161,PPN Naik,https://twitter.com/avatardumy/status/1629032737284956161,2023-02-24 08:17:25+00:00,"@DitjenPajakRI Di malaysia sm Singapore, ppn 7% baru saja naik 8%. Di kita dr dulu 10% naik ke 11%, padahal lebih kaya mereka. Ternyata buat foya2 dan hedon keluarga para pejabat pemungut pajaknya",avatardumy,0,0,3,0,in,Twitter for iPad,,,,https://twitter.com/DitjenPajakRI,<built-in method count of list object at 0x0000022289BA34C0>
1628961600874098689,PPN Naik,https://twitter.com/IrfanRinaldi/status/1628961600874098689,2023-02-24 03:34:44+00:00,"@eldidito PPH tinggi, PPN naik... Tapi penggunaan pajak gak jelas untuk apa dan bocor kemana, dirjen pajak sendiri ga bayar pajak, harta juga gak wajar. 

Mantab!",IrfanRinaldi,0,0,0,0,in,Twitter for Android,"Coordinates(longitude=106.356398, latitude=10.365786)","Place(id='0079932b106eb4c9', fullName='Ho Chi Minh, Vietnam', name='Ho Chi Minh', type='admin', country='Vietnam', countryCode='VN')",,https://twitter.com/eldidito,<built-in method count of list object at 0x0000022289BA3B00>
1628857081133666304,PPN Naik,https://twitter.com/_buberly_/status/1628857081133666304,2023-02-23 20:39:25+00:00,"@kurawa Ppn dinaikin 11%, banyak yg mikir itu cuma naik 1%, padahal mah naik 10% üòÇ",_buberly_,0,0,0,0,in,Twitter for Android,,,,https://twitter.com/kurawa,<built-in method count of list object at 0x0000022289BA3D00>
1628807329394331648,PPN Naik,https://twitter.com/zoelhamza/status/1628807329394331648,2023-02-23 17:21:43+00:00,"@NordickVv @celciusxyz @CNNIndonesia Misal Harga Kedelai PPN nya  Naik, otomatis Pengusha atw pengepul kdelai Menaikkan Harga jual kdelainya, sampai kepedagang kecil, imbas dari naiknya ppn,,! belajar sistem ekonomi g sih lu? Katanya pemgusaha",zoelhamza,1,0,0,0,in,Twitter for Android,,,,https://twitter.com/NordickVv,<built-in method count of list object at 0x0000022289BA3940>
1628799940603576320,PPN Naik,https://twitter.com/zoelhamza/status/1628799940603576320,2023-02-23 16:52:22+00:00,"@NordickVv @celciusxyz @CNNIndonesia Konsumen itu Scra tdk langsung ikut mmebayar pajak..krn Pengusaha kena pajak,, Bahan pembuatan tempe itu dikenai PPN,, Ibarat cukai rokok naik.. Ya Pengusaha Menaikkan hrga rokok nya.",zoelhamza,1,0,0,0,in,Twitter for Android,,,,https://twitter.com/NordickVv,<built-in method count of list object at 0x0000022289BA3E40>
1628791800365457413,PPN Naik,https://twitter.com/faizalmos79/status/1628791800365457413,2023-02-23 16:20:01+00:00,"@yusuf_dumdum Mereka punya duit tapi tidak punya kebijakan, yg punya kebijakan membebani rakyat dengan kenaikan BBM, PPN, BPJS, TDL, hingga hampir semua kebutuhan pokok naik ya junjungan Lu buzzerRp pea",faizalmos79,0,0,0,0,in,Twitter for Android,,,,https://twitter.com/yusuf_dumdum,<built-in method count of list object at 0x0000022289BA1B40>
1628698814784868353,PPN Naik,https://twitter.com/syamoneelse/status/1628698814784868353,2023-02-23 10:10:31+00:00,"Tiap tahun pajak naik, ppn naik, pajak motor naik, terus liat bujang ini, rasane ndancooookkkkkk https://t.co/1xrH0KVQMk",syamoneelse,1,0,1,0,in,Twitter for Android,,,,,0
1628689740974407685,PPN Naik,https://twitter.com/Fikri_Prianton/status/1628689740974407685,2023-02-23 09:34:28+00:00,"@salamaestro @ridwanhr 2.5M an pajak barang mewah? PPN BM, pajak tahunan, dll.?
Harga OTR nya naik jauh",Fikri_Prianton,0,0,0,0,in,Twitter for Android,,,,https://twitter.com/salamaestro,<built-in method count of list object at 0x0000022289BA3F80>
1628646286638596096,PPN Naik,https://twitter.com/Aman47264904/status/1628646286638596096,2023-02-23 06:41:48+00:00,"@OposisiCerdas Punya SDA terkaya didunia,,kok bisa ya ngutang nambah lagi..harusnya lakukan evaluasi...mengapa bs seperti ini. Disisi lain..PPN naik, sembako naik, Pajak naik, BBM naik,,nah....gimana cara memeneg ya...!Mhn maaf saya orang yg kurang paham ...hanya bertanya nie..???",Aman47264904,0,0,0,0,in,Twitter for Android,,,,https://twitter.com/OposisiCerdas,<built-in method count of list object at 0x0000022289BA1940>
1628634477483249664,PPN Naik,https://twitter.com/winartojbs/status/1628634477483249664,2023-02-23 05:54:52+00:00,"PPN sudah naik 11% sudah 5 tahun masih banjir, pegawai pamer harta, arogan, sumber pendapatan kekayaan tidak transparan rakyat ingin percaya mulai dari mana ?? Coba bapak ajarin kami ü§≠üèÉüí®üí® https://t.co/i9paLXzjab",winartojbs,0,0,0,0,in,Twitter for Android,,,,,0
1628633097028927488,PPN Naik,https://twitter.com/winartojbs/status/1628633097028927488,2023-02-23 05:49:23+00:00,@faridgaban Jingan mana naik 11% lagi PPN ternyata ......,winartojbs,0,0,2,0,in,Twitter for Android,,,,https://twitter.com/faridgaban,<built-in method count of list object at 0x0000022289BB0B40>
1628625657499627520,PPN Naik,https://twitter.com/winnyiethepooh/status/1628625657499627520,2023-02-23 05:19:49+00:00,@LeylaHana @fajarnugros Btw ppn masih 10% ya? Kukira udh naik jadi 11%,winnyiethepooh,2,0,0,0,in,Twitter for iPhone,,,,https://twitter.com/LeylaHana,<built-in method count of list object at 0x0000022289BB0AC0>
1628579878403735554,PPN Naik,https://twitter.com/triskalalala/status/1628579878403735554,2023-02-23 02:17:55+00:00,"@dmptrr @Askrlfess aku juga udah pake byu lebih dr 2taunan wkwk, lancar sihh jaringan sampe skrg harganya masih sama2 aja naik dikit aja krna ppn.. klo sinyal ga stabil refresh aja jaringannya ke 2G in dulu trs balik 4G/otomatis",triskalalala,0,0,0,0,in,Twitter Web App,,,,https://twitter.com/dmptrr,<built-in method count of list object at 0x0000022289BB0A40>
1628560263921438720,PPN Naik,https://twitter.com/ShenRu013/status/1628560263921438720,2023-02-23 00:59:58+00:00,"@fajarnugros Dan ga semuanya kebagian duduk yang naik angkutan umum.
Mereka ini yang mbayar pajak PPh tiap terima gajian, PPn tiap mereka jajan kopi di stasiun atau belanja mingguan, mereka ini yang memutar ekonomi sehingga pajak masuk ke kas negara.
Kalian faham? @DJPPRkemenkeu @KemenkeuRI https://t.co/OlTWnITCjs",ShenRu013,3,24,77,0,in,Twitter for Android,,,,https://twitter.com/fajarnugros,<built-in method count of list object at 0x0000022289BEE740>
1628548840050823168,PPN Naik,https://twitter.com/fornjt/status/1628548840050823168,2023-02-23 00:14:35+00:00,"@DitjenPajakRI Bayar pajak kayak anjing pegawai bangsat semua, hasil pajak di korupsi gitu ppn mau naik 12% srimulyani beneri dulu aklak bawahanmu",fornjt,0,0,0,0,in,Twitter for Android,,,,https://twitter.com/DitjenPajakRI,<built-in method count of list object at 0x0000022289BEE2C0>
1628440569063297024,PPN Naik,https://twitter.com/thinink_o/status/1628440569063297024,2023-02-22 17:04:21+00:00,"@mwv_mystic Penjualnya sama atau engga mas? Di Surabaya masih ada 1000 dapet 1 sih
Yg bikin terasa naik juga snack ringan yg biasanya 500-2000 isinya makin kecil sejak kenaikan ppn 11%",thinink_o,0,0,0,0,in,Twitter for Android,,,,https://twitter.com/mwv_mystic,<built-in method count of list object at 0x0000022289BEEBC0>
1628438583014203392,PPN Naik,https://twitter.com/Remotin_aja/status/1628438583014203392,2023-02-22 16:56:27+00:00,@finallyvalen @addtaufiq @alyapedia @LenteraBangsaa_ @tolakbigotnkri @amrudinnejad_ @dwioktariyadi Nah ini gunanya PPn naik dari 10% jadi 11%,Remotin_aja,0,0,0,0,in,Twitter for Android,,,,https://twitter.com/finallyvalen,<built-in method count of list object at 0x0000022289BEDC40>
1628436725331791874,PPN Naik,https://twitter.com/Daniel13666/status/1628436725331791874,2023-02-22 16:49:04+00:00,@prastow ppn naik dari 10% ke 11% itu sich memang dari institusi bapak yang menjalankan,Daniel13666,0,0,0,0,in,Twitter for Android,,,,https://twitter.com/prastow,<built-in method count of list object at 0x0000022289BEDB00>
1628418341722537984,PPN Naik,https://twitter.com/syamoneelse/status/1628418341722537984,2023-02-22 15:36:01+00:00,@fajarnugros Inget ppn naik 11%,syamoneelse,0,0,0,0,in,Twitter for Android,,,,https://twitter.com/fajarnugros,<built-in method count of list object at 0x0000022289BEDA80>
1628387127418560512,PPN Naik,https://twitter.com/Fikri_Prianton/status/1628387127418560512,2023-02-22 13:31:59+00:00,"@hrdbacot @PNS_Ababil @DitjenPajakRI Bayi baru lahir aja bayar pajak emang beli popok susu bayi dll. Gak kena PPN???
Ortunya kerja jasa kena potong pph, beli permen seperak kena PPN, parkir motor kena bayar pajak retribusi daerah dll.

Yg mungut anaknya naik
Harley Davidson, Jeep Rubicon ‚ù§Ô∏è
https://t.co/bdz8PcGZOC",Fikri_Prianton,0,0,0,0,in,Twitter for Android,,,,https://twitter.com/hrdbacot,<built-in method count of list object at 0x0000022289BED600>
1628357315085897729,PPN Naik,https://twitter.com/FredOm98003669/status/1628357315085897729,2023-02-22 11:33:31+00:00,"@LenteraBangsaa_ Orang tua selevel kabag kanwil Direktorat Jendral Pajak sdh kaya banget apalagi jabatan diatasnya. Sedang ppn naik, semua dipajakin buat nambah gaji pejabatnya.
@DitjenPajakRI  @KemenkeuRl",FredOm98003669,0,2,15,0,in,Twitter for Android,,,,https://twitter.com/LenteraBangsaa_,<built-in method count of list object at 0x0000022289BED240>
1628313408641826818,PPN Naik,https://twitter.com/liputan6dotcom/status/1628313408641826818,2023-02-22 08:39:03+00:00,"Ekonomi RI Pulih, Penerimaan PPN per Januari 2023 Naik 144,6 Persen https://t.co/QtsX3aIhVs",liputan6dotcom,1,0,0,0,in,dlvr.it,,,,,0
1628276256168103937,PPN Naik,https://twitter.com/awemany/status/1628276256168103937,2023-02-22 06:11:26+00:00,"PPN Indonesia tahun 2021 itu 551.9 T. Di tahun ini PPNnya naik jadi 680.7 T.¬† Kayaknya hebat. Naik 23%.
Padahal kenaikan 128.8.T itu asalnya dari kenaikan rate PPN dari dari 10% ke 11% sebesar 55.2 T dan 
dan growth ekonomi yg 5.3% sebesar 73.6 T.¬† Beneran hebat?",awemany,1,3,6,0,in,Twitter for Android,,,,https://twitter.com/awemany,0
1627924411805487105,PPN Naik,https://twitter.com/AxENS1/status/1627924411805487105,2023-02-21 06:53:19+00:00,@BudiDadi2 @MrG00dByE @indodax @InfoBappebti @ojkindonesia @CCICPolri @ListyoSigitP @mohmahfudmd Mana paham pemerintah soal blockchainüòÖ situs judi saja mereka yang ngasih akses asal PPN naik,AxENS1,0,0,0,0,in,Twitter Web App,,,,https://twitter.com/BudiDadi2,<built-in method count of list object at 0x0000022289BECF00>
1627924319572733953,PPN Naik,https://twitter.com/AxENS1/status/1627924319572733953,2023-02-21 06:52:57+00:00,@insiden_galaIDX @ListyoSigitP @indodax @InfoBappebti @CCICPolri @mohmahfudmd Mana paham pemerintah soal blockchainüòÖ situs judi saja mereka yang ngasih akses asal PPN naik,AxENS1,0,0,0,0,in,Twitter Web App,,,,https://twitter.com/insiden_galaIDX,<built-in method count of list object at 0x0000022289BED380>
1627702076678471682,PPN Naik,https://twitter.com/lilsammm_/status/1627702076678471682,2023-02-20 16:09:50+00:00,Da tknk naik motor lagi la nak naik ppn je huh,lilsammm_,1,0,1,0,in,Twitter for iPhone,,,,,0
1627692826443259904,PPN Naik,https://twitter.com/kucingbumbum/status/1627692826443259904,2023-02-20 15:33:05+00:00,"@fajarnugros Bermusuhan antar warga negara mmg tidak boleh. Tapi daya KRITIS itu harus!

Masa mau diem aja santai sambil manggut2, ketika RUU omnibus law berlaku, bbm dicabut subsidinya, PPN naek 11% &amp; cukai rokok naik, lalu negara kita bebas dikadalin negara laen soal biaya kereta cepat?",kucingbumbum,7,0,14,0,in,Twitter for Android,,,,https://twitter.com/fajarnugros,<built-in method count of list object at 0x0000022289BEC240>
1627639702840045568,PPN Naik,https://twitter.com/ichsanarif1/status/1627639702840045568,2023-02-20 12:01:59+00:00,"@KATADATAcoid Survei pura pura bahagia 69% kepuasan publik atas tingginya biaya hidup :
BBM naik
PPN naik
Materai naik
Lain lain naik?

Publik mana yg di survei?",ichsanarif1,0,0,0,0,in,Twitter for Android,,,,https://twitter.com/KATADATAcoid,<built-in method count of list object at 0x0000022289BEC1C0>
1627485634620440576,PPN Naik,https://twitter.com/winxbae/status/1627485634620440576,2023-02-20 01:49:47+00:00,"Naik g*jek pake paylater 26.500
Driver terima cuma 20.500
Berarti gede juga ya potongan ke g*jeknya

Kirain paylater g*jek dah paling menyenangkan karna cuma 25.000 ppn nya. Ternyata oh ternyata‚Ä¶‚Ä¶..",winxbae,0,0,0,0,in,Twitter for iPhone,,,,,0
1627232443190382592,PPN Naik,https://twitter.com/maychewy/status/1627232443190382592,2023-02-19 09:03:41+00:00,"@arbidnandama Ppn nya naik yah Kak, maaf",maychewy,1,0,0,0,in,Twitter for Android,,,,https://twitter.com/arbidnandama,<built-in method count of list object at 0x0000022289BE3D00>
1627125732630724611,PPN Naik,https://twitter.com/Hendrikorachman/status/1627125732630724611,2023-02-19 01:59:39+00:00,"Yg ditakuti rakyat ttg kerjasama dg asing terkait harga akan naik mis pajak PPN&amp;PPh antar negara berbeda 2. Blm lagi kasus penggelapan pajak di +62.Salah satu +62 sulit bersaing diglobal krn penggelapan pajak
Cc @jokowi @prastow @KPK_RI @RamliRizal @erickthohir @bahlillahadalia",Hendrikorachman,0,0,0,1,in,Twitter for Android,,,,,<built-in method count of list object at 0x0000022289BE3940>
1626571155816718336,PPN Naik,https://twitter.com/uyunaaa/status/1626571155816718336,2023-02-17 13:15:58+00:00,"setelah diliat emang harganya lebih mahal 1 dolar dari pb2 tahun lalu, 1 dolar kalau di rupiahin mayan kan 15rbu wkkk. harga shipping juga naik, ppn juga jadi 11%",uyunaaa,0,0,0,0,in,Twitter for Android,,,,https://twitter.com/uyunaaa,0
1626246738888765440,PPN Naik,https://twitter.com/bapackucing/status/1626246738888765440,2023-02-16 15:46:51+00:00,@TxtdariHI Iyalah biar masuk kekantong mereka. Cukai 7.5% plus tax PPN yang tiap tahun naik hahahaha bisa aja kemenkeun‚Ä¶,bapackucing,0,0,0,0,in,Twitter for iPhone,,,,https://twitter.com/TxtdariHI,<built-in method count of list object at 0x0000022289BE3A80>
1626241559950925826,PPN Naik,https://twitter.com/cahyadiargo/status/1626241559950925826,2023-02-16 15:26:16+00:00,"@BisKota_ Hahahaha legend... sekali2nya naik MA60 ini dari Bandung ke Jogja th 2013, dapet harga promo hari kemerdekaan cuma 170rb (plus ppn dll jadi 192rb)",cahyadiargo,0,2,1,0,in,Twitter for Android,,,,https://twitter.com/BisKota_,<built-in method count of list object at 0x0000022289BB1BC0>
1625710351848460288,PPN Naik,https://twitter.com/YuniBoement/status/1625710351848460288,2023-02-15 04:15:26+00:00,"@ocukam @el4n9bint4n9 @jokowi Gak perlu ditagih. Emang pendapatan negara dr mana klo bukan dr pajak? Pajak sp yg bayar? 
PPN yg tadinya 10%, skrg naik 11%. 
Kita beli apa¬≤ itu dah termasuk pajak. Gak berasa ya? Alus bgt kan ngambilnya.",YuniBoement,1,0,0,0,in,Twitter for Android,,,,https://twitter.com/ocukam,<built-in method count of list object at 0x0000022289BB3940>
1625514321085337600,PPN Naik,https://twitter.com/Sigmahalim/status/1625514321085337600,2023-02-14 15:16:29+00:00,@nano_rrrr @DokterTifa PPN naik.,Sigmahalim,0,0,0,0,in,Twitter for Android,,,,https://twitter.com/nano_rrrr,<built-in method count of list object at 0x0000022289BB3EC0>
1625482565934264322,PPN Naik,https://twitter.com/Snyopi/status/1625482565934264322,2023-02-14 13:10:18+00:00,"Kenapa ppn naik 1%? Atau fundamental question deh, Kenapa harus ada burden sharing, ga digratisin aja semua? Hzzz https://t.co/1oJ5NJd9BL",Snyopi,0,0,0,0,in,Twitter for Android,,,,https://twitter.com/Snyopi,0
1625482167483797505,PPN Naik,https://twitter.com/Fikri_Prianton/status/1625482167483797505,2023-02-14 13:08:43+00:00,"@laodemahmud5 @PartaiSocmed Lebih kasihan jika melahirkan anak lalu terlantar, akibat biaya hidup sehari-hari naik, biaya sekolah mahal, kuliah tak mampu, dll.
Anda pikir beli popok bayi bebas pajak? PPN 11%itu berlaku bagi barang, dan pph bagi jasa, bayi pun bayar pajak.

https://t.co/zJEj7ANuHy",Fikri_Prianton,0,0,0,0,in,Twitter for Android,,,,https://twitter.com/laodemahmud5,<built-in method count of list object at 0x0000022289BE1780>
1625076051985694722,PPN Naik,https://twitter.com/hdw_tahir/status/1625076051985694722,2023-02-13 10:14:57+00:00,"@Sangapan7 @abu_waras Orang DUNGU mana tau pajak naik.
Dulu PPN 10% skrg naik jadi 11 % ; PPH yg dulu 30%pertahun skrg naik 35 % pertahun; CUKAI rokok sblumnya 10%  tahun ini 12%. Hanya orang GOBLOK &amp; DUNGU yg tdk tau klo pajak naik. Blum lg tambah obyek pajak baru.",hdw_tahir,1,0,0,0,in,Twitter for Android,,,,https://twitter.com/Sangapan7,<built-in method count of list object at 0x0000022289BC02C0>
1624720824153542657,PPN Naik,https://twitter.com/ekky1995/status/1624720824153542657,2023-02-12 10:43:24+00:00,"Ya, sekali lagi. Naikin pajak itu gak segampang yang dikira, banyak pertimbangannya.

Itu aja, PPN dan tarif progresif PPh, baru naik akhir-akhir ini kan?
https://t.co/fwOHmgkD6Z",ekky1995,1,3,1,0,in,Twitter Web App,,,,https://twitter.com/ekky1995,0
1624616027211571202,PPN Naik,https://twitter.com/davirvan/status/1624616027211571202,2023-02-12 03:46:59+00:00,"baru nyadar koran komps cetak naik jadi 9k haha, pantesan kok di bill beda kirain ada penambahan ppn. okelah memang sudah saatnya karya tulisan lebih diapresiasi, stop dijadiin tatakan/bungkus atau sejenisnya.",davirvan,1,0,0,0,in,Twitter for iPhone,,,,,0
1624596412586663936,PPN Naik,https://twitter.com/gundalaRI/status/1624596412586663936,2023-02-12 02:29:02+00:00,"@kangdede78 Halah...dari pada rakyat yg kudu nanggung 7000 trilyun, PPN naek...janji pertumbuhan ekonomi ngga tercapai...materai aja naik jadi 10.000...gimana, nikmat mana? üòÉ",gundalaRI,0,0,2,0,in,Twitter Web App,,,,https://twitter.com/kangdede78,<built-in method count of list object at 0x0000022289BC0D00>
1624585908183011328,PPN Naik,https://twitter.com/Darisrizal06/status/1624585908183011328,2023-02-12 01:47:18+00:00,"@alisyarief Rezim jokowi sengaja mencari pemasukan negara dari haji, seperti di tambahkan ppn, dikira barang mewah..naik haji di dominasi orang islam kelas bawah yg mengumpulkan uangnya bertahun2, rezim zolim.",Darisrizal06,0,0,0,0,in,Twitter for Android,,,,https://twitter.com/alisyarief,<built-in method count of list object at 0x0000022289BC0C00>
1624054999801122824,PPN Naik,https://twitter.com/d_ichsann/status/1624054999801122824,2023-02-10 14:37:40+00:00,"Padahal mereka tau PPN naik 1 April 2022, tetap customer kayak saya yang kena #Pajak https://t.co/S1z57TZ9yw",d_ichsann,0,0,0,0,in,Twitter for Android,,,['Pajak'],,0
1624048584617340930,PPN Naik,https://twitter.com/enggataukk/status/1624048584617340930,2023-02-10 14:12:10+00:00,"@infomalang @BAEGOPA_food Eh naik ding wingenane, biasane 33 sak ppn, kapan hari wes 35 sak ppn",enggataukk,0,0,0,0,in,Twitter for Android,,,,https://twitter.com/enggataukk,<built-in method count of list object at 0x0000022289BE1680>
1623690284826771457,PPN Naik,https://twitter.com/VanjavaBoris/status/1623690284826771457,2023-02-09 14:28:25+00:00,"@Arie_Kriting mencoba ikut logika si mbak. ü§°

TARIF PPN NAIK = SALAH ORANG TUA
TARIF LISTRIK NAIK = SALAH ORANG TUA
PENGANGGURAN NAIK = SALAH ORANG TUA
MIGOR NAIK = SALAH ORANG TUA
UU ITE = SALAH ORANG TUA
KORUPSI BANSOS = SALAH ORANG TUA

udah ahh capee..",VanjavaBoris,0,0,0,0,in,Twitter Web App,,,,https://twitter.com/Arie_Kriting,<built-in method count of list object at 0x0000022289BE1500>
1623657021659815936,PPN Naik,https://twitter.com/hemaviton99/status/1623657021659815936,2023-02-09 12:16:14+00:00,"@LokalPendaki Pak @jokowi bu menteri @kemenkeu engkau paksa rakyat harus bpjs,harus byr pph,ppn naik,sedang uang hasil itu buat foya foya pejabat pemerintah,saya ingin tahu tanggapan dan aksi ibu dan bpk presiden ttg hal ginian !",hemaviton99,0,0,0,0,in,Twitter for Android,,,,https://twitter.com/LokalPendaki,<built-in method count of list object at 0x0000022289BE1040>
1623514292279709697,PPN Naik,https://twitter.com/baimbaimann/status/1623514292279709697,2023-02-09 02:49:05+00:00,"@Incrediboyyyy bayar pke e-wallet aja klo susah nominal ngisi pulsa buat bayarnya.. lebih gampang, byk pilihan. gw pernah nanya dm csnya waktu naik, itutu semenjak ppn naik 11%, katanya byu ga ngurangin kuota/kualitas jaringannya, jadi dinaikin sedikitt dr harga..",baimbaimann,0,0,0,0,in,Twitter Web App,,,,https://twitter.com/Incrediboyyyy,<built-in method count of list object at 0x0000022289BE0BC0>
1623331182510505985,PPN Naik,https://twitter.com/pasquenade/status/1623331182510505985,2023-02-08 14:41:28+00:00,@joyciputat yang naik jadi 11% tu PPN,pasquenade,0,0,0,0,in,Twitter for iPhone,,,,https://twitter.com/joyciputat,<built-in method count of list object at 0x0000022289878680>
1622909146302648320,PPN Naik,https://twitter.com/rayhan_yuda_pra/status/1622909146302648320,2023-02-07 10:44:27+00:00,"Bagaimana PDB bisa bergerak cepat :
Dikarenakan ekonomi fundamental rakyat bawah   digerus oleh :
1. Harga kebutuhan pokok naik drastis semua.
2. Pajak PPN &amp; pajak untuk rakyat kecil naik.
3. Harga BBM sangat tinggi.
4.Banyak PHK.
5. DLL.
https://t.co/jZ1Hv5eYKg",rayhan_yuda_pra,1,0,0,0,in,Twitter for Android,,,,,0
1622627573141307392,PPN Naik,https://twitter.com/Hashas_TM81/status/1622627573141307392,2023-02-06 16:05:35+00:00,"@Sofiankawar22 @baliandra2 https://t.co/qDlaVdffXo

Ya lihatlah.....
Yg paling terlihat dan sangat membekas adalah;
1. Utangnya yg menggunung
2. Mencabut subsidi bbm, shg harga pertalite jd selangit
3. Subsidi listrik jg dikurangi, jdnya yg dulu byr listrik per bln kira"" 400 rb skrng mjd 800 rb
4. Ppn naik",Hashas_TM81,5,0,1,0,in,Twitter for Android,,,,https://twitter.com/Sofiankawar22,<built-in method count of list object at 0x0000022289BB1100>
1622458369515880448,PPN Naik,https://twitter.com/IDeph13/status/1622458369515880448,2023-02-06 04:53:13+00:00,"@reza_nukleuz @Tita83079013 @prastow Eeaaaa kalo ngeyel begini nih, lu pikir gw makan di rumah makan ga pake pajak? Gw naik bis ga pake pajak? Gw beli bbm ga pake pajak? Beli baju ga pake pajak? Jangan2 Ppn naik dr 10% ke 11% lu kagak tau lg üôà",IDeph13,1,0,0,0,in,Twitter for Android,,,,https://twitter.com/reza_nukleuz,<built-in method count of list object at 0x0000022289B96680>
1622391464608305152,PPN Naik,https://twitter.com/indra_mbb/status/1622391464608305152,2023-02-06 00:27:22+00:00,"@damarjati_dimas @panca66 @PineksoRoyi1 @RajaJuliAntoni @Dennysiregar7 @GunRomli @yusuf_dumdum ei setan yang deperjuangkan itu nasib rakyat kecil bukan pengguna tol yang mampu. akibat tol itu beban utang besar subsidi di kurangi harga2 naik akibat ppn naik dan harga bbm. transportasi naik, harga pupuk naik petani menjerit. harga beras naik negara tuduh mafia.",indra_mbb,2,0,0,0,in,Twitter Web App,,,,https://twitter.com/damarjati_dimas,<built-in method count of list object at 0x0000022289BC14C0>
1622240749625671680,PPN Naik,https://twitter.com/cat_men01/status/1622240749625671680,2023-02-05 14:28:29+00:00,"Kelas tanah, dll, lumayan naiknya. Pemerintah juga menaikkan target pajak yang dikelola oleh pemerintah pusat. Di tahun 2023 ini target pendapatan pemerintah pusat dari sektor pajak akan naik sekitar Rp. 300 trilyun. PPN juga akan terus naik hingga 2025, dstnya. Idealnya PPN ini",cat_men01,1,0,0,0,in,Twitter for Android,,,,https://twitter.com/cat_men01,0
1622206260861870081,PPN Naik,https://twitter.com/keepithink_crab/status/1622206260861870081,2023-02-05 12:11:26+00:00,"@Fatimah81819162 @Pujianto73 @kang___L @Boediantar4 @pakaipeci @slameta66292572 @dara_darmayu @rahmaniarbaftim @siregar_najeges Imbas PPN 11% tdk di barengin dengan kenaikan UMR yg hanya 1% 

Gaji ASN hrsnya Naik 
Gaji Buruh dn pekerja naik 

Sehingga tdk n jomplang",keepithink_crab,1,0,0,0,in,Twitter for iPhone,,,,https://twitter.com/Fatimah81819162,<built-in method count of list object at 0x0000022289BC5F40>
1622164249324974080,PPN Naik,https://twitter.com/VanjavaBoris/status/1622164249324974080,2023-02-05 09:24:30+00:00,"@txtdrpemerintah dah skalian apus aja semuanya... gak usah pemilu'...

capek kita sandiwara demokrasinya. bikin sistem baru. Negara Pay 2 Win. yg bayar yg menang.

ppn naik. listrik naik. dikritik ditangkap suru minta maaf. tersangka bisa jadi korban. korban bisa jadi tersangka.

üíÄ",VanjavaBoris,0,4,63,1,in,Twitter Web App,,,,https://twitter.com/txtdrpemerintah,<built-in method count of list object at 0x0000022289BC5200>
1621937333271687168,PPN Naik,https://twitter.com/Umar83638540/status/1621937333271687168,2023-02-04 18:22:49+00:00,"@CNNIndonesia Bayar hutang negara dng naik kan PPN
Genjot PAD dng naik kan PBB
@gibran_tweet 
ü§£ü§£ü§£ü§£
G jauh bedaü§£ü§£ü§£ü§£",Umar83638540,0,0,0,0,in,Twitter for Android,,,,https://twitter.com/CNNIndonesia,<built-in method count of list object at 0x0000022289BC4F00>
1621853650435067904,PPN Naik,https://twitter.com/Ekstrem09/status/1621853650435067904,2023-02-04 12:50:17+00:00,"@zarazettirazr Kirain utang ugal¬≤an utk kesejahteraan rakyat. Ternyata malah makin mencekik, PBB, PPN, BBM, TDL, harga kebutuham pokok, ikut naik ugal¬≤an jg. Trus utange wingi nggo opo?",Ekstrem09,1,0,1,0,in,Twitter Web App,,,,https://twitter.com/zarazettirazr,<built-in method count of list object at 0x0000022289BC4900>
1621849659290357760,PPN Naik,https://twitter.com/damarjati_dimas/status/1621849659290357760,2023-02-04 12:34:25+00:00,"@indra_mbb @panca66 @PineksoRoyi1 @RajaJuliAntoni @Dennysiregar7 @GunRomli @yusuf_dumdum Ngarang abis wkwk. Pendapatan anda berapa emang? Butuh duit buat beli beras? Pajak naik cuma 1% doang dari 10% ke 11%, di Jerman PPN dah 19% dan bahkan negara lain ada yg sampe 20%. Manja bener cuma 11% ckck. Itu belom ngitung pajak pengasilan loh‚Ä¶",damarjati_dimas,1,0,0,0,in,Twitter for iPhone,"Coordinates(longitude=14.755988, latitude=50.820191)","Place(id='7714af7b00da6391', fullName='Zittau, Germany', name='Zittau', type='city', country='Germany', countryCode='DE')",,https://twitter.com/indra_mbb,<built-in method count of list object at 0x0000022289BDC540>
1621826944072572930,PPN Naik,https://twitter.com/deddyhuang_/status/1621826944072572930,2023-02-04 11:04:10+00:00,Baru menyadari harga IG Ads sekarang naik jadi 30 ribu + ppn üôà https://t.co/lA1RCIkl1O,deddyhuang_,3,1,1,0,in,Twitter for iPhone,,,,,0
1621693184488382465,PPN Naik,https://twitter.com/As_Firdah/status/1621693184488382465,2023-02-04 02:12:39+00:00,"@abu_waras PPN juga akan terus naik hingga 2025, dstnya. Idealnya PPN ini 30%, bukan 11% dari sekarang. Pajak penghasilan, seharusnya tarifnya dobel, masa' hanya 5-35%. Di luar negeri, bisa 70% tarif pajak penghasilan.",As_Firdah,1,0,0,0,in,Twitter for Android,,,,https://twitter.com/As_Firdah,<built-in method count of list object at 0x0000022289BDC8C0>
1621189881639874560,PPN Naik,https://twitter.com/halfofme98/status/1621189881639874560,2023-02-02 16:52:42+00:00,@Askrlfess Aku segini nderr kyknya yg 10mbps dehh naik krna ppn jd 11% ajaa https://t.co/PjTS2EZyKu,halfofme98,0,0,0,0,in,Twitter for iPhone,,,,https://twitter.com/Askrlfess,<built-in method count of list object at 0x0000022289BDCEC0>
1621108879978532866,PPN Naik,https://twitter.com/rightylis/status/1621108879978532866,2023-02-02 11:30:50+00:00,"@extacxy @Askrlfess Aku Biznet juga segini. Dia flattt enaknya, kecuali emang ppn pemerintah naik",rightylis,0,0,0,0,in,Twitter for Android,,,,https://twitter.com/extacxy,<built-in method count of list object at 0x0000022289BDDA40>
1621075952234283009,PPN Naik,https://twitter.com/ferifrendi/status/1621075952234283009,2023-02-02 09:19:59+00:00,"Lu ngadi ngadi bang kalo bilang PPN itu dibayar pengusaha. Pas PPn naik jadi 11% harga barang pada naik juga, keuntungan pengusaha ya tetap. Ga sekalian lu bilang pengusaha ga bayar pajak karena nama WP yg kecatet di kantor pajak nama perusahaannya?",ferifrendi,0,0,3,0,in,Twitter for Android,,,,,0
1621072796779704321,PPN Naik,https://twitter.com/avocamoi/status/1621072796779704321,2023-02-02 09:07:27+00:00,@Askrlfess Aku dulu pake indihomo naik terus. Paket awal harganya 200k sekian jd naik ampe 390k an akhirnya skrg ganti CBN. Selama pake CBN baru naik sekali karna waktu itu ada kebijakan pemerintah PPN naik jd 11%üòÑ,avocamoi,0,0,0,0,in,Twitter for Android,,,,https://twitter.com/Askrlfess,<built-in method count of list object at 0x0000022289BDD480>
1621021436654796801,PPN Naik,https://twitter.com/phsphndxdylght/status/1621021436654796801,2023-02-02 05:43:22+00:00,"@NarasiNewsroom Jangan lupa, pemerintahan sekarang pernah kecolongan tsunami dua kali. Krakatau dan palu. 
Jangan lupa juga ppn, pph kita juga naik demi pemasukan pemerintah.",phsphndxdylght,1,1,31,0,in,Twitter for Android,,,,https://twitter.com/NarasiNewsroom,<built-in method count of list object at 0x0000022289BDE040>
1621000733364723714,PPN Naik,https://twitter.com/for99802/status/1621000733364723714,2023-02-02 04:21:06+00:00,"@tegnabretnip @Askrlfess kak mjbb, aku tuh mau cabut buat yg tv nya tapi malah harganya naik dari 310 jadi 330 blm sama ppn nya itu gimana yahü•≤",for99802,2,0,1,0,in,Twitter for iPhone,,,,https://twitter.com/tegnabretnip,<built-in method count of list object at 0x0000022289BDE600>
1620920546111414273,PPN Naik,https://twitter.com/Dionattello/status/1620920546111414273,2023-02-01 23:02:28+00:00,"Jika Pemerintah mampu bayar hutang ...,

Kenapa jumlah hutang naik terus?

#2PeriodeCumaUtang

Kenapa Pajak/PPN dinaikkan?

#2PeriodeCumaUtang

Kenapa banyak subsidi yang dihilangkan? https://t.co/b8uEEmKlr6",Dionattello,2,29,37,3,in,Twitter for Android,,,"['2PeriodeCumaUtang', '2PeriodeCumaUtang']",,0
1620340860901797891,PPN Naik,https://twitter.com/Remotin_aja/status/1620340860901797891,2023-01-31 08:39:00+00:00,@prastow PPN naik 10% itu termasuk memeras bukan? Dari 10% menjadi 11%,Remotin_aja,0,0,0,0,in,Twitter for Android,,,,https://twitter.com/prastow,<built-in method count of list object at 0x0000022289BB3600>
1620241234664247296,PPN Naik,https://twitter.com/rthurbraga/status/1620241234664247296,2023-01-31 02:03:07+00:00,"@prastow Si anjing malah nanya banyak hal, Bang IS komen atas mention tweet lu sari fadli zon yang bilang di aljazair tol gratis. Gosah muter2 goblok. Nanya apa yang dipajakin ? Jelas banyak yg dipajakin di Indon ini, dan PPn aja naik dari 10 ke 11% cuma terjadi di rezim si Jokodok",rthurbraga,3,1,0,0,in,Twitter for iPhone,,,,https://twitter.com/prastow,<built-in method count of list object at 0x0000022289BB37C0>
1620133224537260033,PPN Naik,https://twitter.com/dimaswasikun/status/1620133224537260033,2023-01-30 18:53:56+00:00,@zarnaout45 Ya rakyt kcl mengeluh ojk naik ppn juga naik .pemerinth gmn rajyt menjerit nyari sesuap nasi juga susah,dimaswasikun,1,0,0,0,in,Twitter for Android,,,,https://twitter.com/zarnaout45,<built-in method count of list object at 0x0000022289BE0880>
1619968699825549312,PPN Naik,https://twitter.com/ZFArdR/status/1619968699825549312,2023-01-30 08:00:10+00:00,"@buyung_suherman @RamadhanZali @fadlizon Alhamdulillah saat ini kemiskinan semakin bertambah, pertumbuhan ekonomi susah naik dari 5%, ppn naik 11%, impor masih merajalela, dan hutangpun membengkak hingga 296,5% sejak Jokowi dilantik Presiden.

Indonesia benar¬≤ makmur dibuatnya, bravo! ü•≥ https://t.co/6tcRQtXAHi",ZFArdR,0,0,0,0,in,Twitter Web App,,,,https://twitter.com/buyung_suherman,<built-in method count of list object at 0x0000022289BC0180>
1619824256061411335,PPN Naik,https://twitter.com/kuningtelurr/status/1619824256061411335,2023-01-29 22:26:12+00:00,@040504RUTO @FOODFESS2 Mungkin harga naik karena sekarang ppn resto naik jadi 11% kali ya?ü§î,kuningtelurr,0,0,0,0,in,Twitter for Android,,,,https://twitter.com/040504RUTO,<built-in method count of list object at 0x0000022289BE3180>
