Id,Search Keyword,URL,Datetime,Tweet,User,Reply Count,Retweet Count,Like Count,Quote Count,Language,Source,Coordinates,Place,Hashtags,Reply to (User),Tweepy Mentioned Users Count,Tweepy Mentioned Username,Tweepy Geo,Tweepy Coordinates,Tweepy Place,Tweepy User Verified,Tweepy User Followers,Tweepy User Statuses Count,Tweepy User Location,Tweepy User Created At
1628780505742323712,PPN,https://twitter.com/AL_BBara/status/1628780505742323712,2023-02-23 15:35:08+00:00,"Menkeu kita ini juga kurang ajar harusnya yg disasar yg tidak taat pajak, bukan warga miskin yg dihajar lewat PPN.",AL_BBara,0,0,0,0,in,Twitter for Android,,,,AL_BBara,0,[],,,,False,3319,81536,Di Hatimu,Wed Jan 22 10:07:09 +0000 2014
1628780417007644672,PPN,https://twitter.com/nikkazeesun/status/1628780417007644672,2023-02-23 15:34:47+00:00,"‚Äî Oh how I missed having your pics fill up my gallery. So handsome kaaa~ ü´†ü•∫üíô Have a safe flight dear and rest up. Love you, always ü•∞üíô
@zee_pruk
#‡∏™‡πà‡∏á‡∏ã‡∏µ‡∏ô‡∏∏‡∏ô‡∏¥‡∏ß‡πÑ‡∏õ‡πÄ‡∏Å‡∏≤‡∏´‡∏•‡∏µ 
#ZeePruk #Zunshine https://t.co/neEZ9NPFb2",nikkazeesun,0,0,0,0,en,Twitter for Android,,,"['‡∏™‡πà‡∏á‡∏ã‡∏µ‡∏ô‡∏∏‡∏ô‡∏¥‡∏ß‡πÑ‡∏õ‡πÄ‡∏Å‡∏≤‡∏´‡∏•‡∏µ', 'ZeePruk', 'Zunshine']",None,0,[],,,,False,87,26134,lowkey üáµüá≠ she/her 23 AllxZee,Sun Nov 21 02:32:43 +0000 2010
1628780373336543232,PPN,https://twitter.com/pippinDQX/status/1628780373336543232,2023-02-23 15:34:36+00:00,„Åù„ÅÜ‚Ä¶ÂãïÁîª„ÅßË¶ã„Çå„Å∞„Åô„ÅêÂàÜ„Åã„Çã„Åë„Å©„Éó„É¨„Ç§ÊôÇ„ÅØÊ∞ó‰ªò„ÅÑ„Å¶„Å™„Åã„Å£„Åü„Çì„Å†‚Ä¶Â∞èÂûã„Ç∑„É£„Éà„É´„ÅåÁÑ°ÂÇ∑„ÅÆ„Åæ„ÅæÂêπ„ÅçÈ£õ„Çì„Åß„Åü‰∫ã„Å´‚Ä¶„Åå„Çå„ÅçÈÅã„Çì„Åß„Ç¶„Ç≠„Ç¶„Ç≠Â∏∞„ÇäÈÅì„Å´Ë¶ã„Å§„Åë„Å¶„ÄåÔΩ∂ÔæûÔΩºÔΩÆÔΩ∂ÔæûÔΩºÔΩÆÈü≥„Åï„Åõ„Å¶„Åü„ÅÆ„Ç™„Éû„Ç®„Åã„ÇàÔºÅÔºÅÔºÅ„Äç„Å£„Å¶„Å™„Å£„Åü„Çà„Å≠„ÄÇ„ÅÇ„ÅÆÁàÜÈ¢®„Å´ËÄê„Åà„Çã„Å®„ÅØ‚Ä¶Áõ¥Êé•„ÉÄ„Ç§„Éä„Éû„Ç§„Éà‰ªò„Åë„Å™„ÅÑ„Å®„ÉÄ„É°„Å™„ÅÆ„Åã‚Ä¶Ôºü https://t.co/G9XlqlLe9z,pippinDQX,0,0,0,0,ja,Twitter for iPhone,,,,pippinDQX,0,[],,,,False,20,11606,,Wed Mar 04 09:12:07 +0000 2015
1628780142616010760,PPN,https://twitter.com/_RealJackWoods/status/1628780142616010760,2023-02-23 15:33:41+00:00,@SageofAges_PPN @RigidRat @TheCreatureHero The internet is so ready to lump everyone together as groomers and this video really exemplifies it,_RealJackWoods,0,0,0,0,en,Twitter for Android,,,,SageofAges_PPN,3,"['SageofAges_PPN', 'RigidRat', 'TheCreatureHero']",,,,False,146,10008, EÕûVÕûEÕÄÕûRYÕùÕèÃ∂WHEÕûÕ°ÕùRÕÄÕèÕÄEÃ∑Ãµ,Thu May 19 04:28:36 +0000 2022
1628779908691382272,PPN,https://twitter.com/RigidRat/status/1628779908691382272,2023-02-23 15:32:46+00:00,@SageofAges_PPN @TheCreatureHero Oh okay,RigidRat,0,0,1,0,en,Twitter for Android,,,,SageofAges_PPN,2,"['SageofAges_PPN', 'TheCreatureHero']",,,,False,349,38020,Corn that goes hard,Sun Apr 23 20:57:03 +0000 2017
1628779600171110402,PPN,https://twitter.com/Fikri_Prianton/status/1628779600171110402,2023-02-23 15:31:32+00:00,"@babuhdokter @sianakboba @DitjenPajakRI ü§£ bisa gak bayar pajak?
Beli permen seperak aja bayar ppn,
Beli mie instant ada ppn 11%,
Beli air mineral ada ppn? Rokok ada cukai? 

Emang bisa gak makan gak minum gak merokok? Selama anda hidup anda bayar pajak bung! PPN itu pajak pertambahan nilai ya?
Bisa gak bayar pajak???",Fikri_Prianton,0,0,0,0,in,Twitter for Android,,,,babuhdokter,3,"['babuhdokter', 'sianakboba', 'DitjenPajakRI']",,,,False,62,17100,"NTT, Indonesia Timur",Mon Jul 12 08:55:09 +0000 2021
1628779324479537152,PPN,https://twitter.com/AL_BBara/status/1628779324479537152,2023-02-23 15:30:26+00:00,SMI menaikkan PPN 1% lalu keluarlah bonus untuk pegawai perpajakan https://t.co/dWSMPo2hhe,AL_BBara,1,0,0,0,in,Twitter for Android,,,,AL_BBara,0,[],,,,False,3319,81536,Di Hatimu,Wed Jan 22 10:07:09 +0000 2014
1628779224323735552,PPN,https://twitter.com/pippinDQX/status/1628779224323735552,2023-02-23 15:30:02+00:00,"Â∞èÂûã„Ç∑„É£„Éà„É´Âá¶ÂàÜ„Å§„ÅÑ„Åß„Å´ËøëÂ†¥„ÅÆÊÆãÈ™∏„Åæ„ÅßÈÅã„Çì„Åß‰∏ÄÁ∑í„Å´ÁàÜÁ†¥„Åó„Çà„ÅÜ„ÄÅ„ÉÄ„Ç§„Éä„Éû„Ç§„Éà‰∏ÄÂÄã„Åò„ÇÉË∂≥„Çä„Çì„Åã„ÇÇ„Å†„Åã„Çâ3„Å§„ÄÅ„ÅÇ„Å®„Å§„ÅÑ„Åß„ÅÆ„Å§„ÅÑ„Åß„Å´ÂèØÁáÉÁâ©„ÅÑ„Çç„ÅÑ„Çç„Å§„Åë„Åü„ÇçÔºÅÔΩ≥ÔæãÔΩÆÔΩ∞!
„Å£„Å¶„ÅÑ„ÅÜIQ5„Å™„ÉØ„Ç§Ê∞è„ÄÅ„Å™„Çì„ÅãÂêπ„ÅçÈ£õ„Çì„Å†Áâ©„Åå„Å©„Åì„Åã„ÅßÔΩ∂ÔæûÔΩºÔΩÆÔΩ∂ÔæûÔΩºÔΩÆÈü≥„Åï„Åõ„Å¶„Çã„ÅÆ„Çí„Çπ„É´„Éº„Åó„Å¶Á™™Âú∞Ë¶ãÁâ©„Å´„Åµ„Åë„Çã„ÅÆÂõ≥ https://t.co/0ZXRh7Zuc7",pippinDQX,1,0,0,0,ja,Twitter for iPhone,,,,pippinDQX,0,[],,,,False,20,11606,,Wed Mar 04 09:12:07 +0000 2015
1628778922359021568,PPN,https://twitter.com/icecendolx/status/1628778922359021568,2023-02-23 15:28:50+00:00,"@DitjenPajakRI Wkwkw kerja banting tulang trs spersekian persen potong pph, ppn lah, katanya buat membangun bangsa taunya ""membangun pegawai dan anak2nya"" pfftt lawaknya keterlaluan",icecendolx,0,0,0,0,in,Twitter for Android,,,,DitjenPajakRI,1,['DitjenPajakRI'],,,,False,4,720,,Tue Apr 12 03:47:10 +0000 2022
1628778774610280451,PPN,https://twitter.com/orionauta/status/1628778774610280451,2023-02-23 15:28:15+00:00,"@MinInteriorEc @LassoGuillermo @FFAAECUADOR                    @MinInteriorEc   
LO QUE DEBEN HACER ES COORDINAR PARA PATRULLAR NUESTRAS CALLES A PIE, NO HAY MAS SOLUCION QUE PARTE NO ENTIENDEN SE√ëORES AUTORIDADES DE CONTROL,SERA TAN DIFICIL EJECUTAR PATRULLAJES A PIE DE FFAA Y PPN ..?????
SOS.",orionauta,0,0,0,0,es,Twitter Web App,,,,MinInteriorEc,4,"['MinInteriorEc', 'LassoGuillermo', 'FFAAECUADOR', 'MinInteriorEc']",,,,False,833,32002,,Mon Jul 25 22:09:13 +0000 2011
1628698814784868353,PPN Naik,https://twitter.com/syamoneelse/status/1628698814784868353,2023-02-23 10:10:31+00:00,"Tiap tahun pajak naik, ppn naik, pajak motor naik, terus liat bujang ini, rasane ndancooookkkkkk https://t.co/1xrH0KVQMk",syamoneelse,1,0,1,0,in,Twitter for Android,,,,None,0,[],,,,False,630,12238,Indonesia,Mon Feb 07 08:17:20 +0000 2011
1628689740974407685,PPN Naik,https://twitter.com/Fikri_Prianton/status/1628689740974407685,2023-02-23 09:34:28+00:00,"@salamaestro @ridwanhr 2.5M an pajak barang mewah? PPN BM, pajak tahunan, dll.?
Harga OTR nya naik jauh",Fikri_Prianton,0,0,0,0,in,Twitter for Android,,,,salamaestro,2,"['salamaestro', 'ridwanhr']",,,,False,62,17100,"NTT, Indonesia Timur",Mon Jul 12 08:55:09 +0000 2021
1628646286638596096,PPN Naik,https://twitter.com/Aman47264904/status/1628646286638596096,2023-02-23 06:41:48+00:00,"@OposisiCerdas Punya SDA terkaya didunia,,kok bisa ya ngutang nambah lagi..harusnya lakukan evaluasi...mengapa bs seperti ini. Disisi lain..PPN naik, sembako naik, Pajak naik, BBM naik,,nah....gimana cara memeneg ya...!Mhn maaf saya orang yg kurang paham ...hanya bertanya nie..???",Aman47264904,0,0,0,0,in,Twitter for Android,,,,OposisiCerdas,1,['OposisiCerdas'],,,,False,33,877,,Thu Apr 18 05:33:02 +0000 2019
1628634477483249664,PPN Naik,https://twitter.com/winartojbs/status/1628634477483249664,2023-02-23 05:54:52+00:00,"PPN sudah naik 11% sudah 5 tahun masih banjir, pegawai pamer harta, arogan, sumber pendapatan kekayaan tidak transparan rakyat ingin percaya mulai dari mana ?? Coba bapak ajarin kami ü§≠üèÉüí®üí® https://t.co/i9paLXzjab",winartojbs,0,0,0,0,in,Twitter for Android,,,,None,0,[],,,,False,389,24451,soerabaia,Tue Mar 06 13:58:37 +0000 2012
1628633097028927488,PPN Naik,https://twitter.com/winartojbs/status/1628633097028927488,2023-02-23 05:49:23+00:00,@faridgaban Jingan mana naik 11% lagi PPN ternyata ......,winartojbs,0,0,0,0,in,Twitter for Android,,,,faridgaban,1,['faridgaban'],,,,False,389,24451,soerabaia,Tue Mar 06 13:58:37 +0000 2012
1628625657499627520,PPN Naik,https://twitter.com/winnyiethepooh/status/1628625657499627520,2023-02-23 05:19:49+00:00,@LeylaHana @fajarnugros Btw ppn masih 10% ya? Kukira udh naik jadi 11%,winnyiethepooh,2,0,0,0,in,Twitter for iPhone,,,,LeylaHana,2,"['LeylaHana', 'fajarnugros']",,,,False,2295,12778,"Denpasar, Bali",Tue Apr 30 11:20:09 +0000 2013
1628579878403735554,PPN Naik,https://twitter.com/triskalalala/status/1628579878403735554,2023-02-23 02:17:55+00:00,"@dmptrr @Askrlfess aku juga udah pake byu lebih dr 2taunan wkwk, lancar sihh jaringan sampe skrg harganya masih sama2 aja naik dikit aja krna ppn.. klo sinyal ga stabil refresh aja jaringannya ke 2G in dulu trs balik 4G/otomatis",triskalalala,0,0,0,0,in,Twitter Web App,,,,dmptrr,2,"['dmptrr', 'Askrlfess']",,,,False,8,260,Yogyakarta,Sun Jan 15 13:10:05 +0000 2023
1628560263921438720,PPN Naik,https://twitter.com/ShenRu013/status/1628560263921438720,2023-02-23 00:59:58+00:00,"@fajarnugros Dan ga semuanya kebagian duduk yang naik angkutan umum.
Mereka ini yang mbayar pajak PPh tiap terima gajian, PPn tiap mereka jajan kopi di stasiun atau belanja mingguan, mereka ini yang memutar ekonomi sehingga pajak masuk ke kas negara.
Kalian faham? @DJPPRkemenkeu @KemenkeuRI https://t.co/OlTWnITCjs",ShenRu013,3,18,64,0,in,Twitter for Android,,,,fajarnugros,1,['fajarnugros'],,,,False,1318,21941,,Mon Dec 22 05:36:08 +0000 2014
1628548840050823168,PPN Naik,https://twitter.com/fornjt/status/1628548840050823168,2023-02-23 00:14:35+00:00,"@DitjenPajakRI Bayar pajak kayak anjing pegawai bangsat semua, hasil pajak di korupsi gitu ppn mau naik 12% srimulyani beneri dulu aklak bawahanmu",fornjt,0,0,0,0,in,Twitter for Android,,,,DitjenPajakRI,1,['DitjenPajakRI'],,,,False,393,8287,,Thu Oct 03 17:46:13 +0000 2013
1628440569063297024,PPN Naik,https://twitter.com/thinink_o/status/1628440569063297024,2023-02-22 17:04:21+00:00,"@mwv_mystic Penjualnya sama atau engga mas? Di Surabaya masih ada 1000 dapet 1 sih
Yg bikin terasa naik juga snack ringan yg biasanya 500-2000 isinya makin kecil sejak kenaikan ppn 11%",thinink_o,0,0,0,0,in,Twitter for Android,,,,mwv_mystic,1,['mwv_mystic'],,,,False,63,5162,"Kota Surabaya, Jawa Timur",Mon Feb 29 20:40:10 +0000 2016
1624720824153542657,Tarif PPN Baru,https://twitter.com/ekky1995/status/1624720824153542657,2023-02-12 10:43:24+00:00,"Ya, sekali lagi. Naikin pajak itu gak segampang yang dikira, banyak pertimbangannya.

Itu aja, PPN dan tarif progresif PPh, baru naik akhir-akhir ini kan?
https://t.co/fwOHmgkD6Z",ekky1995,1,3,1,0,in,Twitter Web App,,,,ekky1995,0,[],,,,False,490,45931,Ó®Ä,Sat May 09 08:12:20 +0000 2020
1614579607587651585,Tarif PPN Baru,https://twitter.com/IndiHomeCare/status/1614579607587651585,2023-01-15 11:05:50+00:00,"@edwin_phs_ Kak Edwin. Apabila upgspeed ke 50 Mbps Rhiki informasikan dengan harga Rp270.000,00 Tarif Internet Kecepatan Baru (Belum PPN 11 %) optimum Device 7. Biaya belum termasuk abonemen sewa perangkat modem ONT maupun sewa perangkat STB ya, Kak.",IndiHomeCare,0,0,0,0,in,Twitter Web App,,,,edwin_phs_,1,['edwin_phs_'],,,,True,161519,739717,Indonesia,Mon Aug 15 03:59:40 +0000 2016
1613395824972816384,Tarif PPN Baru,https://twitter.com/kring_pajak/status/1613395824972816384,2023-01-12 04:41:54+00:00,"@Budijo14 Hai, Kak.
PMK tersebut menetapkan Perusahaan tertentu yg dimiliki secara langsung oleh BUMN sebagai Pemungut PPN sebagaimana tercantum dalam Lampiran PMK tersebut. Terkait tarif dikenakan tarif PPN yg baru yaitu 11%.
Tks*Pomo",kring_pajak,0,0,1,0,in,TweetDeck,,,,Budijo14,1,['Budijo14'],,,,True,252670,836178,1500200,Tue Dec 15 09:34:56 +0000 2015
1612708671259299843,Tarif PPN Baru,https://twitter.com/pajaksumut1/status/1612708671259299843,2023-01-10 07:11:24+00:00,"Hai #kawanpajak

Ada yang baru nih dari KPP Pratama Medan Polonia
Perkenalkan IKAN (Informasi perpajaKAN)

Kali ini kita membahas mengenai tarif PPN untuk kendaraan bekas bermotor
#kawanpajak udah pada tau belum?
mari kita simak ilustrasi di atasüëÜ https://t.co/txUJWYxdcA",pajaksumut1,1,0,2,0,in,Twitter for iPhone,,,"['kawanpajak', 'kawanpajak']",None,0,[],,,,False,705,5067,Jalan Sukamulia No. 17-A,Thu Sep 05 11:24:45 +0000 2013
1611377046113894407,Tarif PPN Baru,https://twitter.com/SeputariNews/status/1611377046113894407,2023-01-06 15:00:00+00:00,"Pemerintah telah merilis Keppres baru terkait penyesuaian pengaturan di bidang pajak penghasilan. Aturan ini menguatkan Undang-undang Harmonisasi Pajak, di mana pajak penghasilan terbagi menjadi lima lapis tarif. MYF

#SeputariNewsRCTI #Pajak #PPN https://t.co/1jz0INRXNA",SeputariNews,0,0,0,0,in,Twitter Media Studio,,,"['SeputariNewsRCTI', 'Pajak', 'PPN']",None,0,[],,,,True,431797,133777,MNC News Center Lt.11 Jakarta,Mon Apr 12 06:26:10 +0000 2010
1610776895465062401,Tarif PPN Baru,https://twitter.com/_agwan_/status/1610776895465062401,2023-01-04 23:15:13+00:00,"@prastow Hmmm ini baru pajak penghasilan, belum pajak kendaraan, pajak makan di rmh makan/resto, PPN naik 1% dll
Jadi kalo dihitung pajak sebenernya rakyat miskinpun kena pajak dari tarif ppn yg naik 1%",_agwan_,0,0,0,0,in,Twitter for iPhone,,,,prastow,1,['prastow'],,,,False,165,6218,,Thu Mar 04 07:48:17 +0000 2010
1606132747432443905,Tarif PPN Baru,https://twitter.com/enkai__/status/1606132747432443905,2022-12-23 03:41:02+00:00,"Semalam lihat di group facebook, tapi kelewat.

Karena sudah include ppn, berarti nyari dpp-nya dulu.

11.100.000,- dikurangi PPn 11%. Baru dikurangi tarif pph 21.",enkai__,1,0,0,0,in,Twitter for iPhone,,,,None,0,[],,,,False,4,1118,,Sat Apr 02 11:32:08 +0000 2022
1605411130792611840,Tarif PPN Baru,https://twitter.com/IndiHomeCare/status/1605411130792611840,2022-12-21 03:53:35+00:00,"@maman11499462 Hi, Kak Maman. Kakak bisa upgrade ke 100Mbps dgn biaya Tarif Internet Kecepatan Baru Rp600.000+sewa modem Rp40.000,00 (Belum PPN 11 %). (1/2) -Nezi",IndiHomeCare,0,0,0,0,in,Sociomedio Pro Enterprise,,,,maman11499462,1,['maman11499462'],,,,True,161519,739717,Indonesia,Mon Aug 15 03:59:40 +0000 2016
1602942537953529856,Tarif PPN Baru,https://twitter.com/kring_pajak/status/1602942537953529856,2022-12-14 08:24:16+00:00,"@yustialwyh Hai, Kak.
Untuk tarif yg belum sesuai, cara penginputannya adalah diubah secara manual nilai PPN menjadi 11%. Apakah yg dimaksud adalah pembatalan nota retur? Sepanjang nota retur sudah dibatalkan, maka Kakak dapat input kembali nota retur baru atas PM yg sama ya, Kak.

Tks*Idya",kring_pajak,1,0,0,0,in,TweetDeck,,,,yustialwyh,1,['yustialwyh'],,,,True,252670,836178,1500200,Tue Dec 15 09:34:56 +0000 2015
1597517986889633798,Tarif PPN Baru,https://twitter.com/PajakTarutung/status/1597517986889633798,2022-11-29 09:09:03+00:00,"Halo #KawanPajak Instansi Pemerintah!

#KawanPajak masih bingung bagaimana penerapan tarif PPN yang baru mulai berlaku?

Simak infografis dibawah untuk informasi lebih lanjut yaüëáüèø https://t.co/drYoM838td",PajakTarutung,0,0,0,0,in,Twitter for iPhone,,,"['KawanPajak', 'KawanPajak']",None,0,[],,,,False,115,1223,,Wed May 16 15:26:03 +0000 2018
1628779600171110402,PPN 11%,https://twitter.com/Fikri_Prianton/status/1628779600171110402,2023-02-23 15:31:32+00:00,"@babuhdokter @sianakboba @DitjenPajakRI ü§£ bisa gak bayar pajak?
Beli permen seperak aja bayar ppn,
Beli mie instant ada ppn 11%,
Beli air mineral ada ppn? Rokok ada cukai? 

Emang bisa gak makan gak minum gak merokok? Selama anda hidup anda bayar pajak bung! PPN itu pajak pertambahan nilai ya?
Bisa gak bayar pajak???",Fikri_Prianton,0,0,0,0,in,Twitter for Android,,,,babuhdokter,3,"['babuhdokter', 'sianakboba', 'DitjenPajakRI']",,,,False,62,17100,"NTT, Indonesia Timur",Mon Jul 12 08:55:09 +0000 2021
1628774077107421184,PPN 11%,https://twitter.com/dodolaper/status/1628774077107421184,2023-02-23 15:09:35+00:00,"@TretanMuslim Yaelah, lu ngetwit gini juga udah tetep terbayar PPN 11% dari beli pulsa/bayar penyedia jasa internet ü§≠",dodolaper,0,0,0,0,in,Twitter for Android,,,,TretanMuslim,1,['TretanMuslim'],,,,False,105,52856,"Jakarta Barat, DKI Jakarta",Sun Aug 15 13:17:53 +0000 2010
1628769728021020673,PPN 11%,https://twitter.com/repostwonogiri/status/1628769728021020673,2023-02-23 14:52:18+00:00,"Mencintai itu cukup 89% sj...11% nya PPn.

Ehh ehehhh....",repostwonogiri,0,0,0,0,in,Twitter for Android,,,,None,0,[],,,,False,314,539,"Wonogiri, Indonesia",Wed Nov 29 08:44:53 +0000 2017
1628751405229166594,PPN 11%,https://twitter.com/defalpha/status/1628751405229166594,2023-02-23 13:39:30+00:00,"Kemaren ngakak bgt
Anak baru di kebun ngurus invoice kan
Dia ngotot ke anak tax ini salah potong pajaknya
Dia blg di invoice penjualannya 100jt jd dipotongnya 11jt tertulis sesuai invoice

Anak tax udh bilang itu jasa makanya dipotongnya 2%  
Ternyata Dia ngira 11% PPN=PPh üôÇ",defalpha,1,0,0,0,in,Twitter for Android,,,,None,0,[],,,,False,1272,155799,Knowhere,Wed Mar 24 12:02:50 +0000 2010
1628750064456986624,PPN 11%,https://twitter.com/Harisoohari/status/1628750064456986624,2023-02-23 13:34:10+00:00,"Kenapa cemas pa ?
Kita masi percaya ko, tapi turunin PPN jngn 11% 
Jadi 9% klo bisa ü§£ü§£ü§£ü§£ü§£ü§£ü§£",Harisoohari,0,0,0,0,in,Twitter for Android,,,,None,0,[],,,,False,1752,22744,kantong doraemon,Wed Aug 21 23:26:22 +0000 2013
1628742336451846144,PPN 11%,https://twitter.com/phosphenol/status/1628742336451846144,2023-02-23 13:03:28+00:00,"@DitjenPajakRI PPN 11%, PPh minimal 5%, kalau punya usaha pajak badan 30%, terus bayar gak boleh telat, siapa coba yang gak males bayar pajak",phosphenol,0,0,0,0,in,Twitter for Android,,,,DitjenPajakRI,1,['DitjenPajakRI'],,,,False,6,1163,"Montpellier, France",Sat Aug 09 11:04:00 +0000 2014
1628666464566906881,PPN 11%,https://twitter.com/BAFauzi_/status/1628666464566906881,2023-02-23 08:01:58+00:00,"@_miomr__ @DitjenPajakRI kok dari mana pak ya dari kita-kita semua. setiap saat PPN itu mengalir. bahkan saat mereka tidur, 11%. belum yg lain2. serapan ke sasarannya lambat sekali, gausah jauh2 sarana infrastruktur contohnya jalan deh. di tambun, bekasi. bekasi lho notabene deket ibukota, banyak remuk2.",BAFauzi_,0,0,1,0,in,Twitter Web App,,,,_miomr__,2,"['_miomr__', 'DitjenPajakRI']",,,,False,88,9332,,Tue Apr 10 09:18:36 +0000 2012
1628665975649497089,PPN 11%,https://twitter.com/AgusSiswanto789/status/1628665975649497089,2023-02-23 08:00:02+00:00,@keepithink_crab @Hasbil_Lbs @prastow Pajak kendaraan bermotor itu kecil nilainya di bandingkan PPN. 11% dari nilai transaksi.,AgusSiswanto789,0,0,0,0,in,Twitter for Android,,,,keepithink_crab,3,"['keepithink_crab', 'Hasbil_Lbs', 'prastow']",,,,False,5,1692,"Kebayoran Lama, Indonesia",Mon Apr 27 12:47:29 +0000 2020
1628663209199833090,PPN 11%,https://twitter.com/essienti/status/1628663209199833090,2023-02-23 07:49:02+00:00,"@IndiHomeCare @mrling007 Halo, Kak Indi. Saya informasikan, jika ingin berlangganan IndiKorea biayanya Rp25.000, 00/bulan belum PPN 11%. Namun jika Kakak ingin menikmati IndiKorea secara prepaid (bayar dulu, menikmati kemudian) biayanya Rp31.000,00/30 hari sudah termasuk PPN 11%.
Terima kasih -Saya",essienti,0,0,0,0,in,Twitter Web App,,,,IndiHomeCare,2,"['IndiHomeCare', 'mrling007']",,,,False,28,1866,Indonesia,Thu Jun 24 15:24:11 +0000 2021
1628634477483249664,PPN 11%,https://twitter.com/winartojbs/status/1628634477483249664,2023-02-23 05:54:52+00:00,"PPN sudah naik 11% sudah 5 tahun masih banjir, pegawai pamer harta, arogan, sumber pendapatan kekayaan tidak transparan rakyat ingin percaya mulai dari mana ?? Coba bapak ajarin kami ü§≠üèÉüí®üí® https://t.co/i9paLXzjab",winartojbs,0,0,0,0,in,Twitter for Android,,,,None,0,[],,,,False,389,24451,soerabaia,Tue Mar 06 13:58:37 +0000 2012
1628440569063297024,Kenaikan PPN,https://twitter.com/thinink_o/status/1628440569063297024,2023-02-22 17:04:21+00:00,"@mwv_mystic Penjualnya sama atau engga mas? Di Surabaya masih ada 1000 dapet 1 sih
Yg bikin terasa naik juga snack ringan yg biasanya 500-2000 isinya makin kecil sejak kenaikan ppn 11%",thinink_o,0,0,0,0,in,Twitter for Android,,,,mwv_mystic,1,['mwv_mystic'],,,,False,63,5162,"Kota Surabaya, Jawa Timur",Mon Feb 29 20:40:10 +0000 2016
1628313161773481986,Kenaikan PPN,https://twitter.com/Bisniscom/status/1628313161773481986,2023-02-22 08:38:05+00:00,Penerimaan Pajak Pertambahan Nilai (PPN) dari para pelaku usaha Perdagangan Melalui Sistem Elektronik (PMSE) telah menunjukkan kenaikan signifikan.¬† https://t.co/AZrjroTiId,Bisniscom,0,0,0,0,in,dlvr.it,,,,None,0,[],,,,True,1152266,1446661,"Jakarta, Indonesia",Mon Mar 01 09:56:53 +0000 2010
1628276256168103937,Kenaikan PPN,https://twitter.com/awemany/status/1628276256168103937,2023-02-22 06:11:26+00:00,"PPN Indonesia tahun 2021 itu 551.9 T. Di tahun ini PPNnya naik jadi 680.7 T.¬† Kayaknya hebat. Naik 23%.
Padahal kenaikan 128.8.T itu asalnya dari kenaikan rate PPN dari dari 10% ke 11% sebesar 55.2 T dan 
dan growth ekonomi yg 5.3% sebesar 73.6 T.¬† Beneran hebat?",awemany,1,3,6,0,in,Twitter for Android,,,,awemany,0,[],,,,False,49017,84838,,Mon Dec 20 14:11:22 +0000 2010
1628276102199402497,Kenaikan PPN,https://twitter.com/awemany/status/1628276102199402497,2023-02-22 06:10:49+00:00,Tahun 2022 itu bangga banget dengan pendapatan pajak yg melewati target. Ngasih bonus pegawai sampai ratus juta buat pejabatnya. Lha? Wong tambahan pendapatan itu datang dari kenaikan PPN dari 10% ke 11% dan pertumbuhan.¬† Bukan karena rajin buat nambah basis pembayar pajak.,awemany,2,4,8,0,in,Twitter for Android,,,,awemany,0,[],,,,False,49017,84838,,Mon Dec 20 14:11:22 +0000 2010
1627936250689892352,Kenaikan PPN,https://twitter.com/FPKSDPRRI/status/1627936250689892352,2023-02-21 07:40:22+00:00,"üî∂ April 2022 üî∂
Fraksi PKS menolak kenaikan tarif PPN menjadi 11% yang diberlakukan mulai 1 April 2022, dan 12% berlaku paling lambat tanggal 1 Januari 2025. PKS juga mendorong agar tarif Pajak Pertambahan Nilai setinggi-tingginya tetap 10% (sepuluh persen).",FPKSDPRRI,1,3,3,0,in,Twitter for Android,,,,FPKSDPRRI,0,[],,,,True,215988,52241,Jakarta Capital Region,Fri Nov 20 02:53:30 +0000 2009
1626740928919793666,Kenaikan PPN,https://twitter.com/KyaiMblebes/status/1626740928919793666,2023-02-18 00:30:35+00:00,"@RagilSemar Betul Gong .
Setengah mati  dgn kenaikan  PPN,inflasi material &amp; sulitnya urus Ijin.
Rakyat mau punya rumah layak malah direcoki oknum aparat bejat soal Ijin ABT yg  ujungnya Dolar jawa.
Pengembang ciptakan lapangan kerja buat tukang ,kuli bangunan &amp; Toko Material dll.",KyaiMblebes,0,0,1,0,in,Twitter for Android,,,,RagilSemar,1,['RagilSemar'],,,,False,1009,9672,jawa Timur Indonesia,Mon Sep 05 04:42:43 +0000 2016
1625430297226665984,Kenaikan PPN,https://twitter.com/PPNternate/status/1625430297226665984,2023-02-14 09:42:36+00:00,"Pengolah Penataan Sarana dan Prasarana PPN Ternate mengikuti Ujian Dinas dan Ujian Kenaikan Pangkat Penyesuaian Ijazah Kementerian Kelautan dan Perikanan di Balai Besar KIPM Makassar pada 13 s.d 14 Februari 2023.

#KKPThrive
@djpt_kkp https://t.co/BxLpwD6vci",PPNternate,0,0,4,0,in,Twitter for Android,,,['KKPThrive'],None,0,[],,,,False,1164,2395,"North Moluccas, Indonesia",Fri Jun 10 00:42:24 +0000 2016
1625351751917527041,Kenaikan PPN,https://twitter.com/yoylecakee/status/1625351751917527041,2023-02-14 04:30:29+00:00,Pendapatmu tentang kenaikan ppn gula sebesar 11%,yoylecakee,1,0,0,0,in,Twitter for Android,,,,None,0,[],,,,False,803,9110,"xh, p1h, svt, boys planet",Thu Jan 28 07:48:50 +0000 2021
1624567335456735233,Kenaikan PPN,https://twitter.com/Grosir__sepatu/status/1624567335456735233,2023-02-12 00:33:30+00:00,"@democrazymedia Sementara pendukung nya
Dapat kenaikan BBM listrik PPN
Sambil teriak NKRI harga mati",Grosir__sepatu,0,0,1,0,in,Twitter Web App,,,,democrazymedia,1,['democrazymedia'],,,,False,211,4006,Tangerang,Sun Dec 12 11:15:58 +0000 2010
1624248808350822402,Kenaikan PPN,https://twitter.com/immanuel_padang/status/1624248808350822402,2023-02-11 03:27:47+00:00,"@tonojancuk @ekowboy2 Utang negara di sama kn dngn utang pribadi untk pilkada ya jelas beda lah
Dari alasan knp utang aja udah beda
1 utang untk keperluan pribadi dlm pilkada 1 lg bkn untk keperluan pribadi 
Lgpl bkn hny kau yg merasakan kenaikan tarif PPN semua orng jg merasakan",immanuel_padang,0,0,0,0,in,Twitter for Android,,,,tonojancuk,2,"['tonojancuk', 'ekowboy2']",,,,False,49,503,salak pakpak bharat,Tue Oct 14 04:04:15 +0000 2014
1628665170041118721,#PPN,https://twitter.com/MNowNews/status/1628665170041118721,2023-02-23 07:56:50+00:00,"Ketua Polis Terengganu Rohaimi Md Isa berkata pihaknya melengkapkan kertas siasatan itu setelah mengambil keterangan daripada 36 individu melibatkan penganjur dan peserta program yang terlibat.

#MalaysiaNow #MNow #MNowNews #Malaysia #himpit #pdrm #ppn 

https://t.co/1dj1xEPwUl",MNowNews,0,0,0,0,in,Twitter for iPhone,,,"['MalaysiaNow', 'MNow', 'MNowNews', 'Malaysia', 'himpit', 'pdrm', 'ppn']",None,0,[],,,,False,2091,29699,"Kuala Lumpur, Malaysia ",Tue Jan 05 07:11:26 +0000 2021
1628649153453764609,#PPN,https://twitter.com/IDbelasting/status/1628649153453764609,2023-02-23 06:53:11+00:00,"PPN Pimpin Kontribusi Penerimaan Pajak pada Januari 2023 

#pajak #ppn #konsumsi #apbn #fiskal

https://t.co/gi8uKIif7I",IDbelasting,0,0,0,0,in,Twitter Web App,,,"['pajak', 'ppn', 'konsumsi', 'apbn', 'fiskal']",None,0,[],,,,False,49,7813,Jakarta,Sat Aug 07 07:16:40 +0000 2021
1628604175046283265,#PPN,https://twitter.com/DDTCNews/status/1628604175046283265,2023-02-23 03:54:27+00:00,"Kementerian Keuangan mencatat realisasi penerimaan PPN dan pajak penjualan atas barang mewah (PPnBM) sepanjang Januari 2023 mencapai Rp74,64 triliun.

#menkeu #srimulyani #penerimaanpajak #PPN #PPnBM #konsumsimasyarakat #tarifpajak
https://t.co/duIoTnMV3i",DDTCNews,0,0,0,0,in,Twitter Web App,,,"['menkeu', 'srimulyani', 'penerimaanpajak', 'PPN', 'PPnBM', 'konsumsimasyarakat', 'tarifpajak']",None,0,[],,,,False,4051,31009,"Jakarta, Indonesia",Sat Jun 18 01:44:39 +0000 2016
1628583967405268993,#PPN,https://twitter.com/jleascho/status/1628583967405268993,2023-02-23 02:34:10+00:00,2-22-23-ppn-at-8pm-cst-9pm-est #PPN #Truth https://t.co/tovjZ8nMxy,jleascho,0,0,0,0,en,Twitter for iPhone,,,"['PPN', 'Truth']",None,0,[],,,,False,3275,35182,,Mon Jul 15 06:11:47 +0000 2013
1628534732488159232,#PPN,https://twitter.com/newsermon/status/1628534732488159232,2023-02-22 23:18:31+00:00,Warri waa‚Äôee Baasi Shagar jedhamu gati miyaan bitame jetan waan biyyi suun keesa jiru hinbeekan. Bitamuu isaa galateefadha. Qarshi ishee akkasumatis Odoo fudhatani eenyuutuu isaan gaafata. Gaafatan waraana isaanit ergani issin fixuu. #PPn Odditi beeku.,newsermon,0,1,1,0,hi,Twitter for iPhone,,,['PPn'],None,0,[],,,,False,56,3137,chicago,Fri Jan 14 03:47:47 +0000 2011
1628457397445357568,#PPN,https://twitter.com/usgpinvestig/status/1628457397445357568,2023-02-22 18:11:13+00:00,"@fredd6937 Alors si @fredd6937 üòâ
Pas plus tard que cet apr√®s-midi avec le chef du projet de Transformation Num√©rique de la @PoliceNationale
La constat est partag√© par tous ‚ùó
Nous martelons les difficult√©s, dysfonctionnements et postures prises pour la #PPN",usgpinvestig,1,0,1,0,fr,Twitter for Android,,,['PPN'],fredd6937,2,"['fredd6937', 'fredd6937']",,,,False,1259,1633,,Mon Jun 21 14:27:21 +0000 2021
1628450916255862787,#PPN,https://twitter.com/pufnak1/status/1628450916255862787,2023-02-22 17:45:28+00:00,"Please check out my friends at #PPN News!!!!
#PatriotPartyNews

In my words, perfectly imperfect.  They give it to you straight. 

https://t.co/cTndKRqwPN",pufnak1,0,0,0,0,en,Twitter for Android,,,"['PPN', 'PatriotPartyNews']",None,0,[],,,,False,55,1097,"Pennsylvania, USA",Fri Oct 28 15:55:37 +0000 2022
1628419587984203780,#PPN,https://twitter.com/wexfordcoco/status/1628419587984203780,2023-02-22 15:40:59+00:00,"Are you part of a community or voluntary group? 

Public Participation Networks support groups to shape better decision-making in communities by connecting them with their local authority.

For more information go to: https://t.co/BVqZfVdAPd

#Community #Wexford #PPN",wexfordcoco,0,1,4,0,en,Twitter Web App,,,"['Community', 'Wexford', 'PPN']",None,0,[],,,,True,13703,21973,"Wexford, Ireland",Wed Sep 16 09:16:36 +0000 2009
1628398928805625856,#PPN,https://twitter.com/LouthPPN/status/1628398928805625856,2023-02-22 14:18:53+00:00,"Minister Joe O‚ÄôBrien Urges Community Groups to Join Public Participation Networks. To read more on this follow the link below:
https://t.co/OyFuBRC2gu #PPN #LouthPPN https://t.co/IUVewaAOAB",LouthPPN,0,0,0,0,en,Twitter Web App,,,"['PPN', 'LouthPPN']",None,0,[],,,,False,381,3147,"Louth, Ireland",Sat Nov 12 19:34:38 +0000 2016
1628252966171066368,#PPN,https://twitter.com/DDTCNews/status/1628252966171066368,2023-02-22 04:38:53+00:00,"Duh, rupiah melemah terhadap mayoritas mata uang negara mitra dagang untuk pelunasan pajak (kurs beli) pada pekan terakhir Februari 2023.

#kurspajak #pajak #valutaasing #PPN #PPnBM #rupiah #ringgitMalaysia #dolarAS #euro #dolarAustralia 
https://t.co/ZrroxM5a0n",DDTCNews,0,0,0,0,in,Twitter Web App,,,"['kurspajak', 'pajak', 'valutaasing', 'PPN', 'PPnBM', 'rupiah', 'ringgitMalaysia', 'dolarAS', 'euro', 'dolarAustralia']",None,0,[],,,,False,4051,31009,"Jakarta, Indonesia",Sat Jun 18 01:44:39 +0000 2016
1555131429369090049,#KenaikanPPN,https://twitter.com/duitologi/status/1555131429369090049,2022-08-04 10:00:00+00:00,"DJP mencatat penerimaan pajak hingga semester I tahun 2022 mencapaian sebesar Rp868,3 triliun. Angka tersebut naik 55,7% dibandingkan periode yang sama tahun lalu. https://t.co/iCs15kti4N

#PenerimaanPajak #Pajak #PPSPajak #KenaikanPPN https://t.co/vWo1IC3lpJ",duitologi,0,0,0,0,in,TweetDeck,,,"['PenerimaanPajak', 'Pajak', 'PPSPajak', 'KenaikanPPN']",None,0,[],,,,False,11486,6475,,Sun Aug 17 05:00:27 +0000 2014
1516725678422765571,#KenaikanPPN,https://twitter.com/PolitikLingkar/status/1516725678422765571,2022-04-20 10:29:15+00:00,"Kenaikan PPN menjadi 11% memyumbang inflasinhanya sebesar 0,4%.

#KenaikanPPN #PPN11 #PajakUntukNegeriKita https://t.co/XzxPYNLydu",PolitikLingkar,0,0,0,0,in,Twitter for Android,,,"['KenaikanPPN', 'PPN11', 'PajakUntukNegeriKita']",None,0,[],,,,False,98,3757,,Mon Dec 03 01:22:08 +0000 2018
1516725495412719616,#KenaikanPPN,https://twitter.com/PolitikLingkar/status/1516725495412719616,2022-04-20 10:28:32+00:00,"Pengaturan PPN mendukung penerimaan pajak yang optimal dan berkesinambungan.

#KenaikanPPN #PPN11 #PajakUntukNegeriKita https://t.co/znglde6HFp",PolitikLingkar,0,0,0,0,in,Twitter for Android,,,"['KenaikanPPN', 'PPN11', 'PajakUntukNegeriKita']",None,0,[],,,,False,98,3757,,Mon Dec 03 01:22:08 +0000 2018
1516725226733998085,#KenaikanPPN,https://twitter.com/PolitikLingkar/status/1516725226733998085,2022-04-20 10:27:28+00:00,"Kenaikan PPN menjadi 11% adalah upaya Pemerintah menyehatkan APBN.

#KenaikanPPN #PPN11 #PajakUntukNegeriKita https://t.co/qWAV5TXYXU",PolitikLingkar,0,0,0,0,in,Twitter for Android,,,"['KenaikanPPN', 'PPN11', 'PajakUntukNegeriKita']",None,0,[],,,,False,98,3757,,Mon Dec 03 01:22:08 +0000 2018
1514610747665371155,#KenaikanPPN,https://twitter.com/PojokSumsel/status/1514610747665371155,2022-04-14 14:25:17+00:00,"Kenaikan tarif PPN 11%, Bagaimana Dampak ke Bisnis?
Selengkapnya: https://t.co/OKfBBFaVxE

#Event #Event #KenaikanPajak #KenaikanPPN #PPN11 #TarifPPN10 #Webinar https://t.co/pqyLWHYPIo",PojokSumsel,0,0,0,0,in,PojokSumsel.com,,,"['Event', 'Event', 'KenaikanPajak', 'KenaikanPPN', 'PPN11', 'TarifPPN10', 'Webinar']",None,0,[],,,,False,7,1011,Sumatera Selatan,Wed Feb 26 04:33:47 +0000 2020
1511994482849374209,#KenaikanPPN,https://twitter.com/HeraldSulsel/status/1511994482849374209,2022-04-07 09:09:10+00:00,Ratusan Mahasiswa Makassar Unjuk Rasa Tolak Kenaikan PPN dan Jokowi 3 Periode #jokowitigaperiode #KenaikanPPN https://t.co/XrvfS13S3v,HeraldSulsel,0,0,0,0,in,Jetpack.com,,,"['jokowitigaperiode', 'KenaikanPPN']",None,0,[],,,,False,61,18742,"Makassar, Jl Hertasning No.33 ",Thu Mar 17 07:25:04 +0000 2022
1511994478067867651,#KenaikanPPN,https://twitter.com/heraldindo/status/1511994478067867651,2022-04-07 09:09:09+00:00,Ratusan Mahasiswa Makassar Unjuk Rasa Tolak Kenaikan PPN dan Jokowi 3 Periode #jokowitigaperiode #KenaikanPPN https://t.co/nBo7pTxBrS,heraldindo,0,0,0,0,in,Jetpack.com,,,"['jokowitigaperiode', 'KenaikanPPN']",None,0,[],,,,False,403,67052,"Jakarta Selatan, DKI Jakarta",Wed Oct 27 01:35:27 +0000 2021
1511261941347815424,#KenaikanPPN,https://twitter.com/IAP2_Indonesia/status/1511261941347815424,2022-04-05 08:38:19+00:00,"Apakah keputusan kenaikan PPN sebesar 11% sudah melibatkan seluruh pihak terkait? simak artikelnya di: https://t.co/uu97IQkLZs

#ppn #kenaikanppn #pajak #tax #public #participation https://t.co/z0rKzFma9A",IAP2_Indonesia,0,0,0,0,in,Twitter Web App,,,"['ppn', 'kenaikanppn', 'pajak', 'tax', 'public', 'participation']",None,0,[],,,,False,143,1185,Indonesia,Fri May 01 16:23:32 +0000 2015
1510491006961176583,#KenaikanPPN,https://twitter.com/IDbelasting/status/1510491006961176583,2022-04-03 05:34:54+00:00,"Kenaikan PPN 11% Diklaim Tak Berdampak pada Inflasi 
#inflasi #ppn #dampakppn #kenaikanPPN
https://t.co/fxpzfubzo1",IDbelasting,0,0,0,0,in,Twitter Web App,,,"['inflasi', 'ppn', 'dampakppn', 'kenaikanPPN']",None,0,[],,,,False,49,7813,Jakarta,Sat Aug 07 07:16:40 +0000 2021
1509472333836464128,#KenaikanPPN,https://twitter.com/jpnncom/status/1509472333836464128,2022-03-31 10:07:03+00:00,Direktur Center of Economic and Law Studies (Celios) Bhima Yudhistira mengingatkan bahaya kenaikan tarif PPN menjadi 11 persen. #KenaikanPPN https://t.co/6AUGnzej8d,jpnncom,0,0,0,0,in,JPNN News Update,,,['KenaikanPPN'],None,0,[],,,,True,68142,918700,Indonesia,Fri Oct 02 08:23:26 +0000 2009
1550750106663563265,#PPN11%,https://twitter.com/Sistax_Consult/status/1550750106663563265,2022-07-23 07:50:11+00:00,Cara Jurnal PPN Transaksi dengan Instansi Pemerintah #jurnal #ppn #ppn11... https://t.co/YLxLPM0caB via @YouTube,Sistax_Consult,0,0,0,0,in,Twitter Web App,,,"['jurnal', 'ppn', 'ppn11']",None,1,['YouTube'],,,,False,15,62,Bogor,Fri Oct 22 14:13:26 +0000 2021
1532565973911207936,#PPN11%,https://twitter.com/okoceindonesia/status/1532565973911207936,2022-06-03 03:32:56+00:00,#PPN11% https://t.co/wqkv7PD3JP,okoceindonesia,0,0,0,0,und,Twitter for Android,,,['PPN11'],None,0,[],,,,False,285,1098,Jakarta Capital Region,Tue Feb 18 04:57:26 +0000 2020
1525412368334786561,#PPN11%,https://twitter.com/izmailtaufq/status/1525412368334786561,2022-05-14 09:47:04+00:00,"Tarif PPN naik 1% itu wajar. Dana pajak kita nikmati bersama.
#tarifbaruPPN #PPN11 #MayDay #14MeiSiapPeoplePower https://t.co/5BKT6ua4tt",izmailtaufq,0,0,0,0,in,Twitter Web App,,,"['tarifbaruPPN', 'PPN11', 'MayDay', '14MeiSiapPeoplePower']",None,0,[],,,,False,0,23,,Thu Apr 21 03:23:21 +0000 2022
1517054313448624128,#PPN11%,https://twitter.com/FarisAhmadDoni1/status/1517054313448624128,2022-04-21 08:15:08+00:00,"Kenaikan PPN demi pemulihan ekonomi nasional

#PPN #tarifbaru #TarifPPN #Tarif11Persen #PPN11 https://t.co/B4508SxgVh",FarisAhmadDoni1,0,0,0,0,in,Twitter Web App,,,"['PPN', 'tarifbaru', 'TarifPPN', 'Tarif11Persen', 'PPN11']",None,0,[],,,,False,26,628,,Thu Mar 31 03:54:48 +0000 2022
1517029640032100352,#PPN11%,https://twitter.com/FarisAhmadDoni1/status/1517029640032100352,2022-04-21 06:37:05+00:00,"Kebutuhan pokok tidak termasuk dalam kenaikan tarif PPN
#PPN #tarifbaru #TarifPPN #Tarif11Persen #PPn11 https://t.co/SePUkbvZV3",FarisAhmadDoni1,0,0,0,0,in,Twitter Web App,,,"['PPN', 'tarifbaru', 'TarifPPN', 'Tarif11Persen', 'PPn11']",None,0,[],,,,False,26,628,,Thu Mar 31 03:54:48 +0000 2022
1516988191357603840,#PPN11%,https://twitter.com/lanala92/status/1516988191357603840,2022-04-21 03:52:23+00:00,"Sudah disetujui DPR, tarif baru PPN 11%
#TarifPPN #tarifbaru #PPN11perse #PPN11 https://t.co/CJe3jQ1Y4v",lanala92,0,0,0,0,in,Twitter Web App,,,"['TarifPPN', 'tarifbaru', 'PPN11perse', 'PPN11']",None,0,[],,,,False,1,26,,Thu Apr 21 03:13:23 +0000 2022
1516987279419469824,#PPN11%,https://twitter.com/sureljalaludin/status/1516987279419469824,2022-04-21 03:48:46+00:00,"Disetujui DPR, Tarif baru PPN 11%
#TarifPPN #PPN11persen #PPN11 #Tarifbaru https://t.co/mhM1eHifP4",sureljalaludin,0,0,0,0,in,Twitter Web App,,,"['TarifPPN', 'PPN11persen', 'PPN11', 'Tarifbaru']",None,0,[],,,,False,0,23,,Thu Apr 21 03:27:47 +0000 2022
1516973895886467072,#PPN11%,https://twitter.com/claraptr96/status/1516973895886467072,2022-04-21 02:55:35+00:00,"Kenaikkan Tarif PPN

Pemerintah hanya menaikkan tarif PPN 1 persen
#PPN #Tarifbaru #TarifPPN #PPN11Persen #PPN11 https://t.co/dPzcovLGVD",claraptr96,0,0,0,0,in,Twitter Web App,,,"['PPN', 'Tarifbaru', 'TarifPPN', 'PPN11Persen', 'PPN11']",None,0,[],,,,False,0,5,,Thu Mar 31 03:41:18 +0000 2022
1516725678422765571,#PPN11%,https://twitter.com/PolitikLingkar/status/1516725678422765571,2022-04-20 10:29:15+00:00,"Kenaikan PPN menjadi 11% memyumbang inflasinhanya sebesar 0,4%.

#KenaikanPPN #PPN11 #PajakUntukNegeriKita https://t.co/XzxPYNLydu",PolitikLingkar,0,0,0,0,in,Twitter for Android,,,"['KenaikanPPN', 'PPN11', 'PajakUntukNegeriKita']",None,0,[],,,,False,98,3757,,Mon Dec 03 01:22:08 +0000 2018
1516725495412719616,#PPN11%,https://twitter.com/PolitikLingkar/status/1516725495412719616,2022-04-20 10:28:32+00:00,"Pengaturan PPN mendukung penerimaan pajak yang optimal dan berkesinambungan.

#KenaikanPPN #PPN11 #PajakUntukNegeriKita https://t.co/znglde6HFp",PolitikLingkar,0,0,0,0,in,Twitter for Android,,,"['KenaikanPPN', 'PPN11', 'PajakUntukNegeriKita']",None,0,[],,,,False,98,3757,,Mon Dec 03 01:22:08 +0000 2018
1567851913743581187,#PPNNaik,https://twitter.com/Swacasa_id/status/1567851913743581187,2022-09-08 12:26:40+00:00,"Naiknya 1 persen, kerasanya kaya 10 persen ga sih :(
#Swacasa #TanpaKepentingan #InvestasiProperti #ppn #ppnnaik https://t.co/uojbGVxc8d",Swacasa_id,1,0,0,0,in,Twitter Web App,,,"['Swacasa', 'TanpaKepentingan', 'InvestasiProperti', 'ppn', 'ppnnaik']",None,0,[],,,,False,5,11,,Mon May 02 18:14:55 +0000 2022
1535253307702120448,#PPNNaik,https://twitter.com/IDbelasting/status/1535253307702120448,2022-06-10 13:31:26+00:00,"Apakah akan jadi 12% sebelum 2025?
#PPN #TarifPPN #PPNNaik #PPN12Persen
https://t.co/DOPXK2GZn9",IDbelasting,0,0,0,0,in,Twitter Web App,,,"['PPN', 'TarifPPN', 'PPNNaik', 'PPN12Persen']",None,0,[],,,,False,49,7813,Jakarta,Sat Aug 07 07:16:40 +0000 2021
1528679094069903360,#PPNNaik,https://twitter.com/pajakdotio/status/1528679094069903360,2022-05-23 10:07:52+00:00,#PPNNaik #PPN #Pajak #Webinar #WebinarPajak,pajakdotio,0,0,0,0,qht,Twitter Web App,,,"['PPNNaik', 'PPN', 'Pajak', 'Webinar', 'WebinarPajak']",pajakdotio,0,[],,,,False,10,139,Central Jakarta,Mon May 11 10:08:58 +0000 2020
1516283356270698503,#PPNNaik,https://twitter.com/latarterkemban4/status/1516283356270698503,2022-04-19 05:11:37+00:00,"@KompasTV Wah, kayak Indonesia ya...
Salah Urus 
Astagfirullah

#Hutang7000Triliun
#BBMdanGasNaik
#BahanPokokNaik
#RakyatAntriSolar
#PPNNaik https://t.co/HbgY4HjfNs",latarterkemban4,0,0,2,0,in,Twitter Web App,,,"['Hutang7000Triliun', 'BBMdanGasNaik', 'BahanPokokNaik', 'RakyatAntriSolar', 'PPNNaik']",KompasTV,1,['KompasTV'],,,,False,2183,142707,Nanggroe ACEH,Tue Sep 12 01:27:31 +0000 2017
1513879630809382920,#PPNNaik,https://twitter.com/alfageblug/status/1513879630809382920,2022-04-12 14:00:05+00:00,"https://t.co/okmJbZXdao

Berkeluh kesah tanpa anarki ..

#songwriting

#AprilFools 
#bbmnaik 
#Pertamax 
#ppnnaik 
#MinyakGorengMahal",alfageblug,0,0,0,0,in,Twitter for Android,,,"['songwriting', 'AprilFools', 'bbmnaik', 'Pertamax', 'ppnnaik', 'MinyakGorengMahal']",None,0,[],,,,False,1,5,,Sat Apr 09 14:01:29 +0000 2022
1513061700949655556,#PPNNaik,https://twitter.com/DppHippindo/status/1513061700949655556,2022-04-10 07:49:55+00:00,"Direktorat Jenderal Pajak (DJP) berkolaborasi dengan Himpunan Peritel dan Penyewa Pusat Perbelanjaan Indonesia (HIPPINDO) melakukan Sosialisasi mengenai pelaksanaan UU HPP terkait perubahan ketentuan PPN.

#hippindo #ditjenpajakri #ppnnaik #webinargratis",DppHippindo,1,0,0,0,in,Twitter for iPhone,,,"['hippindo', 'ditjenpajakri', 'ppnnaik', 'webinargratis']",DppHippindo,0,[],,,,False,220,1177,"Jakarta Pusat, DKI Jakarta",Sun Jun 12 02:32:42 +0000 2016
1512701853418414080,#PPNNaik,https://twitter.com/lensaRTV/status/1512701853418414080,2022-04-09 08:00:01+00:00,"Per 1 April 2022 lalu, Kementerian Keuangan (Kemenkeu) telah melakukan penyesuaian tarif PPN menjadi 11%. Namun, Kemenkeu juga menerapkan pengecualian objek PPN. Ini dia beberapa barang dan jasa yang bebas dari PPN. 

#ppn #ppnnaik #pajak #tarifppn #kemenkeu #bebasppn  #infopajak https://t.co/omjXDVsDs2",lensaRTV,0,0,0,0,in,TweetDeck,,,"['ppn', 'ppnnaik', 'pajak', 'tarifppn', 'kemenkeu', 'bebasppn', 'infopajak']",None,0,[],,,,False,9772,45601,Indonesia,Mon Mar 17 06:54:25 +0000 2014
1511632504901419008,#PPNNaik,https://twitter.com/AbsensiMesin/status/1511632504901419008,2022-04-06 09:10:48+00:00,"PPN naik??!!! Panik nggak? Panik nggak? 
Panik lah, masa enggak??! üò±
Eitss.. Tapi itu nggak berlaku buat kalian lho Fingerspoters üòå
Meskipun tarif PPN naik, tapi mesin absensi Fingerspot nggak berubah ü•≥
#Fingerspot
#Fingerspotmedan
#bukapuasa
#Fingerprint #ppn #PPNNaik #Finger https://t.co/ZJ9VwSH7fs",AbsensiMesin,0,0,0,0,in,Twitter for Android,,,"['Fingerspot', 'Fingerspotmedan', 'bukapuasa', 'Fingerprint', 'ppn', 'PPNNaik', 'Finger']",None,0,[],,,,False,24,1145,,Tue Sep 29 02:42:53 +0000 2020
1511343790522769413,#PPNNaik,https://twitter.com/IDbelasting/status/1511343790522769413,2022-04-05 14:03:33+00:00,"Tarif baru PPN kendaraan bermotor bekas.
#PPN #PPNMotorBekas #PPNNaik #TarifPPNNaik #PPN11Persen
https://t.co/hNUS5vHT2O",IDbelasting,0,0,0,0,in,Twitter Web App,,,"['PPN', 'PPNMotorBekas', 'PPNNaik', 'TarifPPNNaik', 'PPN11Persen']",None,0,[],,,,False,49,7813,Jakarta,Sat Aug 07 07:16:40 +0000 2021
1511154406024450048,#PPNNaik,https://twitter.com/paktani_vote/status/1511154406024450048,2022-04-05 01:31:00+00:00,"waspadai smua kemungkinan faktor #ekonomi jlg #lebaran ini, saat #ramadhan ada kenaikan #pertamax #PPNnaik #pertalite #solar langka #minyakgoreng masih sulit, kita spt dirundung masalah yg diibuat hadir oleh aktor2 besar. bgmn ini @msaid_didu @KRMTRoySuryo2 @PDemokrat @FPKSDPRRI",paktani_vote,0,0,0,0,in,Twitter Web App,,,"['ekonomi', 'lebaran', 'ramadhan', 'pertamax', 'PPNnaik', 'pertalite', 'solar', 'minyakgoreng']",None,0,[],,,,False,169,6282,tanah yang subur,Sun Nov 29 03:07:32 +0000 2009
1610500798747901954,#TarifPPN,https://twitter.com/DDTCNews/status/1610500798747901954,2023-01-04 04:58:06+00:00,"Kenaikan tarif PPN dari 10% menjadi 11% tercatat memberikan tambahan penerimaan pajak senilai Rp60,76 triliun pada APBN 2022.

#penerimaanpajak #PPN #tarifPPN #UUHPP #menkeu #srimulyani #pajak #nasional 
https://t.co/rgNeNG54IG",DDTCNews,0,0,1,0,in,Twitter Web App,,,"['penerimaanpajak', 'PPN', 'tarifPPN', 'UUHPP', 'menkeu', 'srimulyani', 'pajak', 'nasional']",None,0,[],,,,False,4051,31009,"Jakarta, Indonesia",Sat Jun 18 01:44:39 +0000 2016
1603325923465785344,#TarifPPN,https://twitter.com/IDbelasting/status/1603325923465785344,2022-12-15 09:47:43+00:00,PP No. 44 Tahun 2022 tentang Penerapan terhadap PPN dan PPnBM #PPN #PPnBM #UUHPP #tarifPPN #tarifPPnBM #PP44 https://t.co/y7g6DPJJe1,IDbelasting,0,0,1,0,in,Twitter Web App,,,"['PPN', 'PPnBM', 'UUHPP', 'tarifPPN', 'tarifPPnBM', 'PP44']",None,0,[],,,,False,49,7813,Jakarta,Sat Aug 07 07:16:40 +0000 2021
1535253307702120448,#TarifPPN,https://twitter.com/IDbelasting/status/1535253307702120448,2022-06-10 13:31:26+00:00,"Apakah akan jadi 12% sebelum 2025?
#PPN #TarifPPN #PPNNaik #PPN12Persen
https://t.co/DOPXK2GZn9",IDbelasting,0,0,0,0,in,Twitter Web App,,,"['PPN', 'TarifPPN', 'PPNNaik', 'PPN12Persen']",None,0,[],,,,False,49,7813,Jakarta,Sat Aug 07 07:16:40 +0000 2021
1534848743740416000,#TarifPPN,https://twitter.com/DDTCNews/status/1534848743740416000,2022-06-09 10:43:51+00:00,"Kenaikan tarif PPN diperkirakan akan menghasilkan tambahan penerimaan pajak senilai kurang lebih Rp44,4 triliun.

#UUHPP #tarifPPN #PPN #pajakpertambahannilai #PPN11persen #inflasi
https://t.co/q6aESNDswn",DDTCNews,0,0,0,0,in,Twitter Web App,,,"['UUHPP', 'tarifPPN', 'PPN', 'pajakpertambahannilai', 'PPN11persen', 'inflasi']",None,0,[],,,,False,4051,31009,"Jakarta, Indonesia",Sat Jun 18 01:44:39 +0000 2016
1517054313448624128,#TarifPPN,https://twitter.com/FarisAhmadDoni1/status/1517054313448624128,2022-04-21 08:15:08+00:00,"Kenaikan PPN demi pemulihan ekonomi nasional

#PPN #tarifbaru #TarifPPN #Tarif11Persen #PPN11 https://t.co/B4508SxgVh",FarisAhmadDoni1,0,0,0,0,in,Twitter Web App,,,"['PPN', 'tarifbaru', 'TarifPPN', 'Tarif11Persen', 'PPN11']",None,0,[],,,,False,26,628,,Thu Mar 31 03:54:48 +0000 2022
1517029640032100352,#TarifPPN,https://twitter.com/FarisAhmadDoni1/status/1517029640032100352,2022-04-21 06:37:05+00:00,"Kebutuhan pokok tidak termasuk dalam kenaikan tarif PPN
#PPN #tarifbaru #TarifPPN #Tarif11Persen #PPn11 https://t.co/SePUkbvZV3",FarisAhmadDoni1,0,0,0,0,in,Twitter Web App,,,"['PPN', 'tarifbaru', 'TarifPPN', 'Tarif11Persen', 'PPn11']",None,0,[],,,,False,26,628,,Thu Mar 31 03:54:48 +0000 2022
1516988191357603840,#TarifPPN,https://twitter.com/lanala92/status/1516988191357603840,2022-04-21 03:52:23+00:00,"Sudah disetujui DPR, tarif baru PPN 11%
#TarifPPN #tarifbaru #PPN11perse #PPN11 https://t.co/CJe3jQ1Y4v",lanala92,0,0,0,0,in,Twitter Web App,,,"['TarifPPN', 'tarifbaru', 'PPN11perse', 'PPN11']",None,0,[],,,,False,1,26,,Thu Apr 21 03:13:23 +0000 2022
1516987279419469824,#TarifPPN,https://twitter.com/sureljalaludin/status/1516987279419469824,2022-04-21 03:48:46+00:00,"Disetujui DPR, Tarif baru PPN 11%
#TarifPPN #PPN11persen #PPN11 #Tarifbaru https://t.co/mhM1eHifP4",sureljalaludin,0,0,0,0,in,Twitter Web App,,,"['TarifPPN', 'PPN11persen', 'PPN11', 'Tarifbaru']",None,0,[],,,,False,0,23,,Thu Apr 21 03:27:47 +0000 2022
1516973895886467072,#TarifPPN,https://twitter.com/claraptr96/status/1516973895886467072,2022-04-21 02:55:35+00:00,"Kenaikkan Tarif PPN

Pemerintah hanya menaikkan tarif PPN 1 persen
#PPN #Tarifbaru #TarifPPN #PPN11Persen #PPN11 https://t.co/dPzcovLGVD",claraptr96,0,0,0,0,in,Twitter Web App,,,"['PPN', 'Tarifbaru', 'TarifPPN', 'PPN11Persen', 'PPN11']",None,0,[],,,,False,0,5,,Thu Mar 31 03:41:18 +0000 2022
1512701853418414080,#TarifPPN,https://twitter.com/lensaRTV/status/1512701853418414080,2022-04-09 08:00:01+00:00,"Per 1 April 2022 lalu, Kementerian Keuangan (Kemenkeu) telah melakukan penyesuaian tarif PPN menjadi 11%. Namun, Kemenkeu juga menerapkan pengecualian objek PPN. Ini dia beberapa barang dan jasa yang bebas dari PPN. 

#ppn #ppnnaik #pajak #tarifppn #kemenkeu #bebasppn  #infopajak https://t.co/omjXDVsDs2",lensaRTV,0,0,0,0,in,TweetDeck,,,"['ppn', 'ppnnaik', 'pajak', 'tarifppn', 'kemenkeu', 'bebasppn', 'infopajak']",None,0,[],,,,False,9772,45601,Indonesia,Mon Mar 17 06:54:25 +0000 2014
